,,,,,League,W,L,win %,Units,Total Plays,ROI,,,,,,,,,
X: @cappers_intel,,,,,MLB,284,206,58.0%,32.64,490 ,3.0%,,,,,,,,,
,,,,,NBA,224,146,60.5%,48.57,370 ,6.3%,,,,,,,,,
,,,,,SOCCER,33,11,75.0%,29.54,44 ,32.1%,,,,,,,,,
,,,,,NCAAB,36,17,67.9%,19.85,53 ,18.6%,,,,,,,,,
,,,,,NHL,3,3,50.0%,-2.67,6 ,,,,,,,,,,
,,,,,NCAAF,8,8,50.0%,-3.49,16 ,-10.9%,,,,,,,,,
,,,,,NFL,22,19,53.7%,-5.15,41 ,-6.3%,,,,,,,,,
,,,,,Overall,610,410,59.84%,119.29,1020 ,5.69%,,,,,,,,,
,,,,,Wagered Units,W,L,win %,Units,Total Plays,ROI,,,,,,,,,
,,,,,2U,544,364,59.9%,99.78,908 ,5.5%,,,,,,,,,
,,,,,3U,56,42,57.1%,3.20,98 ,1.1%,,,,,,,,,
,,,,,4U,4,2,66.7%,3.76,6 ,,,,,,,,,,
,,,,,5U,7,1,87.5%,19.60,8 ,,,,,,,,,,
,,,,,Overall,611,409,59.84%,126.34,1020 ,59.84%,,,,,,,,,
,,,,,Type,W,L,win %,Units,Total Plays,ROI,,,,,,,,,
,,,,,DOG SPREAD,175,110,61.4%,49.43,285 ,8.4%,,2,3,,,,,,
,,,,,FAV SPREAD,73,46,61.3%,22.52,119 ,9.0%,,,,,,,,,
,,,,,DOG ML,54,42,56.3%,14.01,96 ,6.7%,,,,,,,,,
,,,,,3-WAY ML,13,3,81.3%,16.61,16 ,,,,,,,,,,
,,,,,BTTS,10,3,76.9%,7.68,13 ,,,,,,,,,,
,,,,,FAV ML,249,183,57.6%,-3.12,432 ,-0.3%,,,,,,,,,
,,,,,UNDER,1,0,100.0%,1.60,1 ,80.0%,,,,,,,,,
,,,,,OVER,15,12,55.6%,-3.08,27 ,-5.2%,,,,,,,,,
,,,,,Overall,590,399,59.66%,105.65,989 ,,,,,,,,,,
,,,,,Month,W,L,win %,Units,Total Plays,ROI,,,,,,,,,
,,,,,January,53,32,62.4%,18.90,85 ,10.7%,,,,,,,,,
,,,,,February,59,26,69.4%,36.73,85 ,20.6%,,,,,,,,,
,,,,,March,64,43,59.8%,6.34,107 ,2.8%,,,,,,,,,
,,,,,April,62,42,59.6%,4.35,104 ,1.8%,,,,,,,,,
,,,,,May,45,33,57.7%,3.83,78 ,2.2%,,,,,,,,,
,,,,,June,41,27,60.3%,12.49,68 ,7.0%,,,,,,,,,
,,,,,July,39,27,59.1%,10.79,66 ,7.8%,,,,,,,,,
,,,,,August,44,37,54.3%,-9.15,81 ,-5.6%,,,,,,,,,
,,,,,September,59,40,59.6%,15.05,99 ,7.5%,,,,,,,,,
,,,,,October,58,38,60.4%,17.65,96 ,9.2%,,,,,,,,,
,,,,,November,46,35,56.8%,1.18,81 ,0.7%,,,,,,,,,
,,,,,December,41,30,57.7%,5.69,71 ,3.9%,,,,,,,,,
,,,,,Overall,611,410,59.84%,123.84,1021 ,,,,,,,,,,
,,,,,Day,W,L,win %,Units,Total Plays,ROI,,,,,,,,,
,,,,,Monday,81,42,65.9%,36.97,123 ,14.1%,,,,,,,,,
,,,,,Tuesday,88,51,63.3%,26.49,139 ,9.1%,,,,,,,,,
,,,,,Wednesday,84,56,60.0%,19.77,140 ,6.6%,,,,,,,,,
,,,,,Thursday,78,50,60.9%,22.16,128 ,8.3%,,,,,,,,,
,,,,,Friday,67,56,54.5%,-17.14,123 ,-6.4%,,,,,,,,,
,,,,,Saturday,114,79,59.1%,24.92,193 ,6.0%,,,,,,,,,
,,,,,Sunday,99,76,56.6%,10.33,175 ,2.8%,,,,,,,,,
,,,,,Overall,611,410,59.84%,123.49,1021 ,5.69%,,,,,,,,,
JAMES BETS,,,Stats since April '24,,,,,,,,,,,,,,,,,
UNIT = 1% = $100,,Time period,Total plays,win ,Lose ,winRate,Avg odds,ROI ,UNIT profit,NET profit $,Profit %,,,,,,,,,
,,This month,32,13,19,40.63%,1.76,-30.88%,-28.10,"-2,810.14",-28.10%,,,,,,,,,
,,ALL-TIME,1021,611,410,59.84%,1.77,5.69%,123.84,"12,384.36",123.84%,Data for the graph,,,,,,,,
Units per Month,#,Game date,League,Play,Wagered Units,Bet type,Odds,W/L,Return,Position,Day of week,#,Profit dynamics,,,,,,,
2024,,,,,,,,,,,,0,0.00,,,W,L,Win %,Units,ROI
,April,4/1/2024,NBA,Hawks +3,2,SPREAD,1.77,win,1.54,DOG,Monday,1,1.54,,After 1W,137,119,53.52%,-27.87,-5.11%
,April,4/2/2024,NBA,Kings ML,2,MONEYLINE,1.73,win,1.46,FAV,Tuesday,2,3.00,,After 2W,88,49,64.23%,37.37,13.02%
,April,4/3/2024,NBA,Suns -4,2,SPREAD,1.73,win,1.46,FAV,Wednesday,3,4.46,,After 3W,52,36,59.09%,12.45,6.88%
,April,4/4/2024,NBA,Nuggets -2,2,SPREAD,1.67,lose,-2.00,FAV,Thursday,4,2.46,,After 4W,26,26,50.00%,-19.43,-31.85%
,April,4/4/2024,MLB,Yankees ML,2,MONEYLINE,1.67,lose,-2.00,FAV,Thursday,5,0.46,,After 5W,17,9,65.38%,6.48,12.46%
,April,4/5/2024,NBA,Bulls ML,3,SPREAD,1.91,win,2.73,ND,Friday,6,3.19,,After 6W,10,7,58.82%,0.97,2.85%
,April,4/6/2024,MLB,Cubs +1.5,2,SPREAD,1.83,lose,-2.00,DOG,Saturday,7,1.19,,After 7W,6,4,60.00%,0.28,1.40%
,April,4/6/2024,NBA,Nets -8,5,SPREAD,1.73,win,3.65,FAV,Saturday,8,4.84,,After 8W,5,1,83.33%,4.79,
,April,4/7/2024,NBA,Suns -4,2,SPREAD,1.73,lose,-2.00,FAV,Sunday,9,2.84,,After 1L,153,103,59.77%,44.06,7.95%
,April,4/7/2024,NBA,Timberwolves ML,4,MONEYLINE,1.87,win,3.48,FAV,Sunday,10,6.32,,After 2L,68,35,66.02%,27.61,12.11%
,April,4/8/2024,MLB,Blue Jays ML,2,MONEYLINE,1.87,win,1.74,FAV,Monday,11,8.06,,After 3L,25,10,71.43%,20.06,25.72%
,April,4/9/2024,NBA,Suns -8,2,SPREAD,1.73,lose,-2.00,FAV,Tuesday,12,6.06,,After 4L,7,3,70.00%,5.62,26.76%
,April,4/10/2024,SOCCER,Atletico Madrid ML,2,3-way ML,1.83,win,1.66,FAV,Wednesday,13,7.72,,After 5L,2,1,66.67%,2.65,
,April,4/10/2024,MLB,Red Sox F5 ML,2,F5 ML,1.87,win,1.74,FAV,Wednesday,14,9.46,,After 6L,0,1,0.00%,-2.00,
,April,4/10/2024,NBA,Nuggets ML,2,SPREAD,1.62,win,1.24,FAV,Wednesday,15,10.70,,After 7L,1,0,100.00%,1.40,
,April,4/11/2024,MLB,Royals +1.5,2,SPREAD,1.70,win,1.40,DOG,Thursday,16,12.10,,After 8L,0,0,#DIV/0!,0.00,
,April,4/11/2024,NBA,Bulls -9.5,2,SPREAD,1.73,win,1.46,FAV,Thursday,17,13.56,,,597,404,,,
,April,4/12/2024,NBA,Cavaliers ML,2,MONEYLINE,1.73,win,1.46,FAV,Friday,18,15.02,,,,,,,
,April,4/14/2024,NBA,Timberwolves ML,2,MONEYLINE,1.75,lose,-2.00,FAV,Sunday,19,13.02,,,,,,,
,April,4/15/2024,SOCCER,Chelsea ML,3,3-way ML,1.67,win,2.01,FAV,Monday,20,15.03,,,,,,,
,April,4/15/2024,MLB,Rays ML,2,MONEYLINE,1.63,lose,-2.00,FAV,Monday,21,13.03,,,,,,,
,April,4/16/2024,SOCCER,Atletico +0.5,2,SPREAD,1.67,lose,-2.00,DOG,Tuesday,22,11.03,,,,,,,
,April,4/16/2024,NBA,Warriors ML,3,MONEYLINE,1.70,lose,-3.00,FAV,Tuesday,23,8.03,,,,,,,
,April,4/17/2024,NBA,76ers -4,2,SPREAD,1.73,lose,-2.00,FAV,Wednesday,24,6.03,,,,,,,
,April,4/18/2024,MLB,Guardians ML,2,MONEYLINE,1.91,win,1.82,ND,Thursday,25,7.85,,,,,,,
,April,4/18/2024,MLB,Giants ML,2,MONEYLINE,1.67,win,1.34,FAV,Thursday,26,9.19,,,,,,,
,April,4/19/2024,MLB,Cubs ML,2,MONEYLINE,1.62,win,1.23,FAV,Friday,27,10.42,,,,,,,
,April,4/19/2024,NBA,Heat ML,2,MONEYLINE,1.77,win,1.54,FAV,Friday,28,11.96,,,,,,,
,April,4/20/2024,NBA,Timberwolves ML,2,MONEYLINE,1.77,win,1.54,FAV,Saturday,29,13.50,,,,,,,
,April,4/21/2024,MLB,Dodgers -1.5,2,SPREAD,1.80,win,1.60,FAV,Sunday,30,15.10,,,,,,,
,April,4/22/2024,MLB,Phillies ML,2,MONEYLINE,1.87,win,1.74,FAV,Monday,31,16.84,,,,,,,
,April,4/23/2024,NBA,Bucks ML,2,MONEYLINE,1.87,lose,-2.00,FAV,Tuesday,32,14.84,,,,,,,
,April,4/24/2024,MLB,Brewers ML,2,MONEYLINE,1.83,win,1.66,FAV,Wednesday,33,16.50,,,,,,,
,April,4/25/2024,NBA,Magic ML,2,MONEYLINE,1.75,win,1.50,FAV,Thursday,34,18.00,,,,,,,
,April,4/26/2024,NBA,Suns -4,2,SPREAD,1.73,lose,-2.00,FAV,Friday,35,16.00,,,,,,,
,April,4/27/2024,NBA,Lakers +5,2,SPREAD,1.75,win,1.50,DOG,Saturday,36,17.50,,,,,,,
,April,4/28/2024,NBA,Clippers +8,2,SPREAD,1.77,win,1.54,DOG,Sunday,37,19.04,,,,,,,
,April,4/28/2024,NBA,Suns ML,2,MONEYLINE,1.91,lose,-2.00,ND,Sunday,38,17.04,,,,,,,
,April,4/30/2024,NBA,76ers +5,2,SPREAD,1.77,win,1.54,DOG,Tuesday,39,18.58,,,,,,,
,May,5/1/2024,NBA,Clippers +4,2,SPREAD,1.77,lose,-2.00,DOG,Wednesday,40,16.58,,,,,,,
,May,5/2/2024,NBA,Pacers -4,2,SPREAD,1.73,win,1.46,FAV,Thursday,41,18.04,,,,,,,
,May,5/3/2024,MLB,Phillies ML,2,MONEYLINE,1.62,win,1.23,FAV,Friday,42,19.27,,,,,,,
,May,5/4/2024,SOCCER,Nottingham Forest ML,2,3-way ML,1.73,win,1.46,FAV,Saturday,43,20.73,,,,,,,
,May,5/5/2024,NBA,Cavaliers ML,2,MONEYLINE,1.63,win,1.25,FAV,Sunday,44,21.98,,,,,,,
,May,5/5/2024,MLB,Braves ML,2,MONEYLINE,1.73,lose,-2.00,FAV,Sunday,45,19.98,,,,,,,
,May,5/6/2024,NBA,Pacers +7,2,SPREAD,1.73,win,1.46,DOG,Monday,46,21.44,,,,,,,
,May,5/7/2024,NBA,Thunder -2.5,2,SPREAD,1.70,win,1.40,FAV,Tuesday,47,22.84,,,,,,,
,May,5/8/2024,MLB,Padres ML,2,MONEYLINE,1.76,win,1.52,FAV,Wednesday,48,24.36,,,,,,,
,May,5/8/2024,MLB,Yankees ML,2,MONEYLINE,1.63,win,1.25,FAV,Wednesday,49,25.61,,,,,,,
,May,5/9/2024,NBA,Thunder -3.5,2,SPREAD,1.75,lose,-2.00,FAV,Thursday,50,23.61,,,,,,,
,May,5/10/2024,NCAAB,Kentucky ML,2,MONEYLINE,1.67,win,1.34,FAV,Friday,51,24.95,,,,,,,
,May,5/11/2024,NBA,Mavericks ML,2,MONEYLINE,1.83,win,1.66,FAV,Saturday,52,26.61,,,,,,,
,May,5/11/2024,MLB,Dodgers ML,2,MONEYLINE,1.70,win,1.40,FAV,Saturday,53,28.01,,,,,,,
,May,5/12/2024,MLB,Brewers ML,2,MONEYLINE,1.67,lose,-2.00,FAV,Sunday,54,26.01,,,,,,,
,May,5/12/2024,NBA,Timberwolves -2,2,SPREAD,1.73,lose,-2.00,FAV,Sunday,55,24.01,,,,,,,
,May,5/13/2024,MLB,Dodgers -1.5,2,SPREAD,1.77,win,1.54,FAV,Monday,56,25.55,,,,,,,
,May,5/13/2024,MLB,Dodgers -1.5,2,SPREAD,1.77,win,1.54,FAV,Monday,57,27.09,,,,,,,
,May,5/14/2024,MLB,Diamondbacks ML,2,MONEYLINE,1.87,lose,-2.00,FAV,Tuesday,58,25.09,,,,,,,
,May,5/15/2024,MLB,Orioles ML,3,MONEYLINE,1.77,win,2.31,FAV,Wednesday,59,27.40,,,,,,,
,May,5/16/2024,MLB,Phillies ML,2,MONEYLINE,1.75,lose,-2.00,FAV,Thursday,60,25.40,,,,,,,
,May,5/18/2024,MLB,Yankees -1.5,2,SPREAD,1.75,win,1.50,FAV,Saturday,61,26.90,,,,,,,
,May,5/18/2024,MLB,Mets ML,2,MONEYLINE,1.80,lose,-2.00,FAV,Saturday,62,24.90,,,,,,,
,May,5/20/2024,MLB,Braves -1.5,2,SPREAD,1.80,win,1.60,FAV,Monday,63,26.50,,,,,,,
,May,5/21/2024,MLB,Reds +1.5,3,SPREAD,1.70,win,2.10,DOG,Tuesday,64,28.60,,,,,,,
,May,5/22/2024,MLB,Yankees ML,3,MONEYLINE,1.67,win,2.01,FAV,Wednesday,65,30.61,,,,,,,
,May,5/23/2024,MLB,Phillies -1.5,3,SPREAD,2.00,win,3.00,FAV,Thursday,66,33.61,,,,,,,
,May,5/25/2024,MLB,Braves ML,3,MONEYLINE,1.70,lose,-3.00,FAV,Saturday,67,30.61,,,,,,,
,May,5/25/2024,MLB,Nationals +1.5,3,SPREAD,1.80,win,2.40,DOG,Saturday,68,33.01,,,,,,,
,May,5/25/2024,MLB,Dodgers ML,3,MONEYLINE,1.67,lose,-3.00,FAV,Saturday,69,30.01,,,,,,,
,May,5/26/2024,MLB,Royals ML,3,MONEYLINE,2.00,lose,-3.00,DOG,Sunday,70,27.01,,,,,,,
,May,5/27/2024,MLB,Rockies +1.5,3,SPREAD,1.77,win,2.31,DOG,Monday,71,29.32,,,,,,,
,May,5/28/2024,MLB,Marlins ML,2,MONEYLINE,2.30,lose,-2.00,DOG,Tuesday,72,27.32,,,,,,,
,May,5/29/2024,MLB,Nationals +1.5,5,SPREAD,1.70,win,3.50,DOG,Wednesday,73,30.82,,,,,,,
,May,5/30/2024,MLB,Athletics ML,2,MONEYLINE,2.46,lose,-2.00,DOG,Thursday,74,28.82,,,,,,,
,June,6/1/2024,MLB,Royals ML,3,MONEYLINE,1.82,lose,-3.00,FAV,Saturday,75,25.82,,,,,,,
,June,6/1/2024,MLB,Orioles ML,3,MONEYLINE,1.63,win,1.88,FAV,Saturday,76,27.70,,,,,,,
,June,6/3/2024,MLB,Rockies +1.5,3,SPREAD,1.73,lose,-3.00,DOG,Monday,77,24.70,,,,,,,
,June,6/4/2024,MLB,Cardinals ML,3,MONEYLINE,2.35,lose,-3.00,DOG,Tuesday,78,21.70,,,,,,,
,June,6/5/2024,MLB,Dodgers ML,3,MONEYLINE,2.00,lose,-3.00,DOG,Wednesday,79,18.70,,,,,,,
,June,6/7/2024,MLB,Reds ML,3,MONEYLINE,1.80,win,2.40,FAV,Friday,80,21.10,,,,,,,
,June,6/8/2024,MLB,Phillies ML,3,MONEYLINE,1.67,win,2.01,FAV,Saturday,81,23.11,,,,,,,
,June,6/8/2024,MLB,Blue Jays -1.5,3,SPREAD,2.05,win,3.15,FAV,Saturday,82,26.26,,,,,,,
,June,6/8/2024,MLB,Guardians ML,3,MONEYLINE,1.65,win,1.95,FAV,Saturday,83,28.21,,,,,,,
,June,6/9/2024,MLB,Royals ML,3,MONEYLINE,2.10,lose,-3.00,DOG,Sunday,84,25.21,,,,,,,
,June,6/10/2024,MLB,Brewers ML,3,MONEYLINE,1.80,win,2.40,FAV,Monday,85,27.61,,,,,,,
,June,6/11/2024,MLB,Mets ML,3,MONEYLINE,1.73,lose,-3.00,FAV,Tuesday,86,24.61,,,,,,,
,June,6/12/2024,MLB,Giants ML,3,MONEYLINE,1.89,win,2.67,ND,Wednesday,87,27.28,,,,,,,
,June,6/12/2024,NBA,Mavericks ML,3,MONEYLINE,1.70,lose,-3.00,FAV,Wednesday,88,24.28,,,,,,,
,June,6/13/2024,MLB,White Sox ML,3,MONEYLINE,2.00,win,3.00,DOG,Thursday,89,27.28,,,,,,,
,June,6/14/2024,MLB,Yankees ML,4,MONEYLINE,1.67,win,2.68,FAV,Friday,90,29.96,,,,,,,
,June,6/15/2024,MLB,Giants ML,3,MONEYLINE,1.73,lose,-3.00,FAV,Saturday,91,26.96,,,,,,,
,June,6/16/2024,MLB,Rays ML,3,MONEYLINE,2.05,win,3.15,DOG,Sunday,92,30.11,,,,,,,
,June,6/16/2024,MLB,Mariners ML,3,MONEYLINE,1.73,win,2.19,FAV,Sunday,93,32.30,,,,,,,
,June,6/16/2024,MLB,Yankees ML,3,MONEYLINE,1.70,lose,-3.00,FAV,Sunday,94,29.30,,,,,,,
,June,6/17/2024,MLB,Rangers ML,3,MONEYLINE,1.80,lose,-3.00,FAV,Monday,95,26.30,,,,,,,
,June,6/18/2024,MLB,Phillies ML,4,MONEYLINE,1.67,win,2.68,FAV,Tuesday,96,28.98,,,,,,,
,June,6/19/2024,MLB,Guardians ML,3,MONEYLINE,1.70,win,2.10,FAV,Wednesday,97,31.08,,,,,,,
,June,6/20/2024,MLB,Cardinals ML,3,MONEYLINE,2.05,win,3.15,DOG,Thursday,98,34.23,,,,,,,
,June,6/21/2024,MLB,Cubs ML,3,MONEYLINE,1.67,lose,-3.00,FAV,Friday,99,31.23,,,,,,,
,June,6/21/2024,MLB,Phillies ML,3,MONEYLINE,1.73,lose,-3.00,FAV,Friday,100,28.23,,,,,,,
,June,6/22/2024,MLB,Giants ML,3,MONEYLINE,2.00,lose,-3.00,DOG,Saturday,101,25.23,,,,,,,
,June,6/22/2024,MLB,Red Sox ML,3,MONEYLINE,1.83,win,2.49,FAV,Saturday,102,27.72,,,,,,,
,June,6/22/2024,MLB,Brewers vs Padres Over 7.5,4,TOTAL,1.73,win,2.92,OVER,Saturday,103,30.64,,,,,,,
,June,6/23/2024,MLB,Nationals ML,3,MONEYLINE,1.83,win,2.49,FAV,Sunday,104,33.13,,,,,,,
,June,6/23/2024,MLB,Mets ML,3,MONEYLINE,2.05,win,3.15,DOG,Sunday,105,36.28,,,,,,,
,June,6/24/2024,MLB,Orioles ML,3,MONEYLINE,1.83,lose,-3.00,FAV,Monday,106,33.28,,,,,,,
,June,6/24/2024,MLB,Angels ML,5,MONEYLINE,1.73,win,3.65,FAV,Monday,107,36.93,,,,,,,
,June,6/25/2024,MLB,Orioles ML,3,MONEYLINE,1.67,lose,-3.00,FAV,Tuesday,108,33.93,,,,,,,
,June,6/26/2024,MLB,Yankees ML,3,MONEYLINE,1.83,lose,-3.00,FAV,Wednesday,109,30.93,,,,,,,
,June,6/28/2024,MLB,Nationals Vs Rays Over 7.5,3,TOTAL,1.93,lose,-3.00,OVER,Friday,110,27.93,,,,,,,
,June,6/29/2024,MLB,Diamondbacks -1,3,SPREAD,1.77,win,2.31,FAV,Saturday,111,30.24,,,,,,,
,June,6/30/2024,MLB,Cardinals ML,3,MONEYLINE,1.83,win,2.49,FAV,Sunday,112,32.73,,,,,,,
,July,7/1/2024,MLB,Blue Jays +1.5,2,SPREAD,1.73,lose,-2.00,DOG,Monday,113,30.73,,,,,,,
,July,7/2/2024,MLB,Twins ML,3,MONEYLINE,1.83,win,2.49,FAV,Tuesday,114,33.22,,,,,,,
,July,7/3/2024,MLB,Pirates ML,2,MONEYLINE,1.83,win,1.66,FAV,Wednesday,115,34.88,,,,,,,
,July,7/4/2024,MLB,Cardinals ML,2,MONEYLINE,1.94,win,1.88,DOG,Thursday,116,36.76,,,,,,,
,July,7/4/2024,MLB,Diamondbacks ML,2,MONEYLINE,2.05,win,2.10,DOG,Thursday,117,38.86,,,,,,,
,July,7/5/2024,MLB,Marlins ML,2,MONEYLINE,1.80,lose,-2.00,FAV,Friday,118,36.86,,,,,,,
,July,7/6/2024,MLB,Guardians ML,2,MONEYLINE,1.77,win,1.54,FAV,Saturday,119,38.40,,,,,,,
,July,7/6/2024,MLB,Brewers ML,2,MONEYLINE,1.94,lose,-2.00,DOG,Saturday,120,36.40,,,,,,,
,July,7/7/2024,MLB,Mets ML,2,MONEYLINE,2.05,win,2.10,DOG,Sunday,121,38.50,,,,,,,
,July,7/8/2024,MLB,Pirates ML,2,MONEYLINE,1.80,win,1.60,FAV,Monday,122,40.10,,,,,,,
,July,7/8/2024,MLB,Tigers +1.5,2,SPREAD,1.75,win,1.50,DOG,Monday,123,41.60,,,,,,,
,July,7/9/2024,MLB,Giants ML,2,MONEYLINE,1.83,win,1.66,FAV,Tuesday,124,43.26,,,,,,,
,July,7/10/2024,MLB,Cardinals ML,2,MONEYLINE,1.73,lose,-2.00,FAV,Wednesday,125,41.26,,,,,,,
,July,7/10/2024,MLB,Padres ML,2,MONEYLINE,1.75,lose,-2.00,FAV,Wednesday,126,39.26,,,,,,,
,July,7/11/2024,MLB,Giants ML,2,MONEYLINE,1.80,lose,-2.00,FAV,Thursday,127,37.26,,,,,,,
,July,7/13/2024,MLB,Cardinals ML,2,MONEYLINE,1.75,win,1.50,FAV,Saturday,128,38.76,,,,,,,
,July,7/13/2024,MLB,Phillies -1.5,3,SPREAD,2.05,win,3.15,FAV,Saturday,129,41.91,,,,,,,
,July,7/13/2024,MLB,Diamondbacks ML,2,MONEYLINE,1.75,win,1.50,FAV,Saturday,130,43.41,,,,,,,
,July,7/14/2024,MLB,Orioles ML,2,MONEYLINE,2.05,win,2.10,DOG,Sunday,131,45.51,,,,,,,
,July,7/14/2024,MLB,Cubs ML,2,MONEYLINE,2.10,win,2.20,DOG,Sunday,132,47.71,,,,,,,
,July,7/19/2024,MLB,Guardians ML,2,MONEYLINE,1.63,win,1.25,FAV,Friday,133,48.96,,,,,,,
,July,7/21/2024,MLB,Phillies Over 9,2,TOTAL,1.77,lose,-2.00,OVER,Sunday,134,46.96,,,,,,,
,July,7/21/2024,MLB,Cubs ML,2,MONEYLINE,1.80,win,1.60,FAV,Sunday,135,48.56,,,,,,,
,July,7/21/2024,MLB,Red Sox ML,2,MONEYLINE,2.00,lose,-2.00,DOG,Sunday,136,46.56,,,,,,,
,July,7/23/2024,MLB,Dbacks vs Royals Over 9,2,TOTAL,1.84,lose,-2.00,OVER,Tuesday,137,44.56,,,,,,,
,July,7/23/2024,MLB,Brewers ML,2,MONEYLINE,2.05,win,2.10,DOG,Tuesday,138,46.66,,,,,,,
,July,7/24/2024,MLB,Royals ML,2,MONEYLINE,1.87,lose,-2.00,FAV,Wednesday,139,44.66,,,,,,,
,July,7/25/2024,MLB,Orioles -1.5,2,SPREAD,1.80,lose,-2.00,FAV,Thursday,140,42.66,,,,,,,
,July,7/25/2024,MLB,Mets ML,2,MONEYLINE,1.87,win,1.74,FAV,Thursday,141,44.40,,,,,,,
,July,7/26/2024,MLB,Braves ML,2,MONEYLINE,2.00,lose,-2.00,DOG,Friday,142,42.40,,,,,,,
,July,7/27/2024,MLB,Angels ML,2,MONEYLINE,1.80,lose,-2.00,FAV,Saturday,143,40.40,,,,,,,
,July,7/28/2024,MLB,Rangers ML,2,MONEYLINE,1.80,lose,-2.00,FAV,Sunday,144,38.40,,,,,,,
,July,7/28/2024,MLB,Cardinals ML,2,MONEYLINE,1.67,win,1.34,FAV,Sunday,145,39.74,,,,,,,
,July,7/28/2024,MLB,Yankees ML,2,MONEYLINE,1.83,win,1.66,FAV,Sunday,146,41.40,,,,,,,
,July,7/29/2024,MLB,Red Sox ML,2,MONEYLINE,1.83,win,1.66,FAV,Monday,147,43.06,,,,,,,
,July,7/30/2024,MLB,Cubs ML,2,MONEYLINE,1.80,lose,-2.00,FAV,Tuesday,148,41.06,,,,,,,
,July,7/31/2024,MLB,Red Sox ML,2,MONEYLINE,1.94,win,1.88,DOG,Wednesday,149,42.94,,,,,,,
,July,7/31/2024,MLB,Astros -1.5,2,SPREAD,1.83,lose,-2.00,FAV,Wednesday,150,40.94,,,,,,,
,August,8/1/2024,MLB,Marlins vs Braves Over 8,2,TOTAL,1.80,lose,-2.00,OVER,Thursday,151,38.94,,,,,,,
,August,8/2/2024,MLB,Orioles ML,2,MONEYLINE,1.87,lose,-2.00,FAV,Friday,152,36.94,,,,,,,
,August,8/2/2024,MLB,Mets ML,3,MONEYLINE,1.77,win,2.31,FAV,Friday,153,39.25,,,,,,,
,August,8/3/2024,MLB,Cardinals ML,2,MONEYLINE,2.00,win,2.00,DOG,Saturday,154,41.25,,,,,,,
,August,8/3/2024,MLB,Orioles ML,2,MONEYLINE,1.91,win,1.82,ND,Saturday,155,43.07,,,,,,,
,August,8/4/2024,MLB,Giants ML,2,MONEYLINE,1.97,win,1.94,DOG,Sunday,156,45.01,,,,,,,
,August,8/4/2024,MLB,Guardians +1.5,2,SPREAD,1.73,lose,-2.00,DOG,Sunday,157,43.01,,,,,,,
,August,8/4/2024,MLB,Red Sox ML,2,MONEYLINE,2.04,win,2.08,DOG,Sunday,158,45.09,,,,,,,
,August,8/4/2024,MLB,Padres -1.5,2,SPREAD,2.00,win,2.00,FAV,Sunday,159,47.09,,,,,,,
,August,8/5/2024,MLB,Reds ML,2,MONEYLINE,1.73,win,1.46,FAV,Monday,160,48.55,,,,,,,
,August,8/5/2024,MLB,Twins ML,2,MONEYLINE,1.83,win,1.66,FAV,Monday,161,50.21,,,,,,,
,August,8/6/2024,MLB,Royals ML,2,MONEYLINE,1.78,lose,-2.00,FAV,Tuesday,162,48.21,,,,,,,
,August,8/6/2024,MLB,Rockies +1.5,2,SPREAD,1.87,win,1.74,DOG,Tuesday,163,49.95,,,,,,,
,August,8/7/2024,MLB,Twins ML,2,MONEYLINE,1.70,lose,-2.00,FAV,Wednesday,164,47.95,,,,,,,
,August,8/7/2024,MLB,Royals ML,2,MONEYLINE,1.77,win,1.54,FAV,Wednesday,165,49.49,,,,,,,
,August,8/8/2024,MLB,Nationals ML,2,MONEYLINE,2.00,lose,-2.00,DOG,Thursday,166,47.49,,,,,,,
,August,8/8/2024,MLB,Mets ML,2,MONEYLINE,1.67,win,1.34,FAV,Thursday,167,48.83,,,,,,,
,August,8/8/2024,MLB,Rays ML,2,MONEYLINE,2.02,win,2.04,DOG,Thursday,168,50.87,,,,,,,
,August,8/9/2024,MLB,Reds ML,2,MONEYLINE,2.30,lose,-2.00,DOG,Friday,169,48.87,,,,,,,
,August,8/10/2024,MLB,Athletics ML,2,MONEYLINE,2.15,win,2.30,DOG,Saturday,170,51.17,,,,,,,
,August,8/10/2024,MLB,Angels ML,2,MONEYLINE,1.91,lose,-2.00,FAV,Saturday,171,49.17,,,,,,,
,August,8/10/2024,MLB,Royals ML,2,MONEYLINE,1.80,win,1.60,FAV,Saturday,172,50.77,,,,,,,
,August,8/11/2024,MLB,Blue Jays ML,2,MONEYLINE,1.67,lose,-2.00,FAV,Sunday,173,48.77,,,,,,,
,August,8/11/2024,MLB,Reds ML,2,MONEYLINE,2.15,win,2.30,DOG,Sunday,174,51.07,,,,,,,
,August,8/11/2024,MLB,Mets ML,2,MONEYLINE,2.30,lose,-2.00,DOG,Sunday,175,49.07,,,,,,,
,August,8/12/2024,MLB,Royals +1.5,2,SPREAD,1.70,lose,-2.00,DOG,Monday,176,47.07,,,,,,,
,August,8/13/2024,MLB,Nationals +1.5,2,SPREAD,1.87,win,1.74,DOG,Tuesday,177,48.81,,,,,,,
,August,8/14/2024,MLB,Brewers ML,2,MONEYLINE,2.05,win,2.10,DOG,Wednesday,178,50.91,,,,,,,
,August,8/16/2024,MLB,Diamondbacks ML,2,MONEYLINE,1.91,lose,-2.00,ND,Friday,179,48.91,,,,,,,
,August,8/17/2024,MLB,Nationals +1.5,2,SPREAD,1.73,win,1.46,DOG,Saturday,180,50.37,,,,,,,
,August,8/18/2024,MLB,Rays ML,2,MONEYLINE,1.91,lose,-2.00,ND,Sunday,181,48.37,,,,,,,
,August,8/19/2024,MLB,Phillies ML,2,MONEYLINE,1.67,lose,-2.00,FAV,Monday,182,46.37,,,,,,,
,August,8/20/2024,MLB,Red Sox ML,2,MONEYLINE,-2.02,win,-6.04,DOG,Tuesday,183,40.33,,,,,,,
,August,8/21/2024,MLB,Reds ML,2,MONEYLINE,1.87,win,1.74,FAV,Wednesday,184,42.07,,,,,,,
,August,8/22/2024,MLB,Brewers ML,2,MONEYLINE,1.91,lose,-2.00,ND,Thursday,185,40.07,,,,,,,
,August,8/23/2024,MLB,Padres ML,2,MONEYLINE,1.73,win,1.46,FAV,Friday,186,41.53,,,,,,,
,August,8/24/2024,MLB,Blue Jays -1.5,2,SPREAD,2.05,win,2.10,FAV,Saturday,187,43.63,,,,,,,
,August,8/24/2024,MLB,Guardians ML,2,MONEYLINE,1.77,win,1.54,FAV,Saturday,188,45.17,,,,,,,
,August,8/25/2024,MLB,Yankees -1.5,2,SPREAD,1.80,win,1.60,FAV,Sunday,189,46.77,,,,,,,
,August,8/26/2024,MLB,Twins ML,2,MONEYLINE,1.85,lose,-2.00,FAV,Monday,190,44.77,,,,,,,
,August,8/26/2024,MLB,White Sox +1.5,2,SPREAD,1.73,lose,-2.00,DOG,Monday,191,42.77,,,,,,,
,August,8/27/2024,MLB,Guardians ML,2,MONEYLINE,1.67,win,1.34,FAV,Tuesday,192,44.11,,,,,,,
,August,8/27/2024,MLB,Rays ML,2,MONEYLINE,2.34,lose,-2.00,DOG,Tuesday,193,42.11,,,,,,,
,August,8/27/2024,MLB,Rockies ML,2,MONEYLINE,1.77,win,1.54,FAV,Tuesday,194,43.65,,,,,,,
,August,8/28/2024,MLB,Mets Team Total Over 3.5,2,TOTAL,1.73,lose,-2.00,OVER,Wednesday,195,41.65,,,,,,,
,August,8/29/2024,MLB,Phillies -1.5,2,SPREAD,2.30,lose,-2.00,FAV,Thursday,196,39.65,,,,,,,
,August,8/31/2024,MLB,Tigers ML,2,MONEYLINE,1.75,win,1.50,FAV,Saturday,197,41.15,,,,,,,
,September,9/1/2024,MLB,Red Sox ML,2,MONEYLINE,1.91,lose,-2.00,ND,Sunday,198,39.15,,,,,,,
,September,9/2/2024,MLB,Cubs ML,2,MONEYLINE,1.70,lose,-2.00,FAV,Monday,199,37.15,,,,,,,
,September,9/3/2024,MLB,Dodgers vs Angels 09,2,TOTAL,1.83,lose,-2.00,OVER,Tuesday,200,35.15,,,,,,,
,September,9/4/2024,MLB,Nationals ML,2,MONEYLINE,1.73,lose,-2.00,FAV,Wednesday,201,33.15,,,,,,,
,September,9/4/2024,MLB,Cubs -1.5,2,MONEYLINE,1.91,win,1.82,FAV,Wednesday,202,34.97,,,,,,,
,September,9/5/2024,MLB,Twins ML,2,MONEYLINE,1.73,win,1.46,FAV,Thursday,203,36.43,,,,,,,
,September,9/5/2024,MLB,Giants ML,2,MONEYLINE,1.70,win,1.40,FAV,Thursday,204,37.83,,,,,,,
,September,9/6/2024,MLB,Tigers ML,2,MONEYLINE,1.67,lose,-2.00,FAV,Friday,205,35.83,,,,,,,
,September,9/7/2024,NCAAF,Syracuse +4,2,SPREAD,1.80,win,1.60,DOG,Saturday,206,37.43,,,,,,,
,September,9/7/2024,NCAAF,Michigan State +9,2,SPREAD,1.91,win,1.82,DOG,Saturday,207,39.25,,,,,,,
,September,9/7/2024,MLB,Twins ML,2,MONEYLINE,1.75,lose,-2.00,FAV,Saturday,208,37.25,,,,,,,
,September,9/7/2024,MLB,Brewers -1.5,2,MONEYLINE,1.75,win,1.50,FAV,Saturday,209,38.75,,,,,,,
,September,9/8/2024,NFL,Falcons ML,2,MONEYLINE,2.10,lose,-2.00,DOG,Sunday,210,36.75,,,,,,,
,September,9/9/2024,MLB,Red Sox ML,2,MONEYLINE,1.83,win,1.66,FAV,Monday,211,38.41,,,,,,,
,September,9/10/2024,MLB,Orioles ML,2,MONEYLINE,2.15,win,2.30,DOG,Tuesday,212,40.71,,,,,,,
,September,9/10/2024,MLB,Mariners ML,2,MONEYLINE,1.80,lose,-2.00,FAV,Tuesday,213,38.71,,,,,,,
,September,9/11/2024,MLB,Mets ML,2,MONEYLINE,1.83,win,1.66,FAV,Wednesday,214,40.37,,,,,,,
,September,9/11/2024,MLB,Yankees ML,2,MONEYLINE,1.70,win,1.40,FAV,Wednesday,215,41.77,,,,,,,
,September,9/12/2024,MLB,Rays ML,2,MONEYLINE,2.17,win,2.34,DOG,Thursday,216,44.11,,,,,,,
,September,9/12/2024,NFL,Dolphins ML,2,MONEYLINE,1.73,lose,-2.00,FAV,Thursday,217,42.11,,,,,,,
,September,9/13/2024,MLB,Cubs ML,2,MONEYLINE,1.73,lose,-2.00,FAV,Friday,218,40.11,,,,,,,
,September,9/14/2024,SOCCER,Aston Villa ML,3,3-way ML,1.70,win,2.10,FAV,Saturday,219,42.21,,,,,,,
,September,9/14/2024,NCAAF,Gators +4,2,SPREAD,1.80,lose,-2.00,DOG,Saturday,220,40.21,,,,,,,
,September,9/14/2024,MLB,Guardians ML,2,MONEYLINE,1.73,win,1.46,FAV,Saturday,221,41.67,,,,,,,
,September,9/15/2024,MLB,Tigers ML,2,MONEYLINE,2.05,win,2.10,DOG,Sunday,222,43.77,,,,,,,
,September,9/15/2024,NFL,Cowboys -5,2,SPREAD,1.77,lose,-2.00,FAV,Sunday,223,41.77,,,,,,,
,September,9/16/2024,MLB,Cardinals +1.5,2,SPREAD,1.67,win,1.34,DOG,Monday,224,43.11,,,,,,,
,September,9/17/2024,SOCCER,Real Madrid -1.5,2,SPREAD,1.82,win,1.64,FAV,Tuesday,225,44.75,,,,,,,
,September,9/17/2024,MLB,Royals ML,2,MONEYLINE,1.67,lose,-2.00,FAV,Tuesday,226,42.75,,,,,,,
,September,9/18/2024,MLB,Diamondbacks ML,2,MONEYLINE,1.59,win,1.18,FAV,Wednesday,227,43.93,,,,,,,
,September,9/18/2024,SOCCER,Inter Milan +1.5,2,SPREAD,1.80,win,1.60,DOG,Wednesday,228,45.53,,,,,,,
,September,9/18/2024,MLB,Orioles ML,2,MONEYLINE,1.67,lose,-2.00,FAV,Wednesday,229,43.53,,,,,,,
,September,9/18/2024,MLB,Mariners ML,2,MONEYLINE,2.00,lose,-2.00,DOG,Wednesday,230,41.53,,,,,,,
,September,9/19/2024,MLB,Mariners ML,3,MONEYLINE,1.83,win,2.49,FAV,Thursday,231,44.02,,,,,,,
,September,9/19/2024,MLB,Astros -1.5,2,SPREAD,1.80,win,1.60,FAV,Thursday,232,45.62,,,,,,,
,September,9/20/2024,MLB,Tigers +1.5,2,SPREAD,1.80,lose,-2.00,DOG,Friday,233,43.62,,,,,,,
,September,9/20/2024,MLB,Brewers +1.5,2,SPREAD,1.75,lose,-2.00,DOG,Friday,234,41.62,,,,,,,
,September,9/21/2024,MLB,Tigers ML,2,MONEYLINE,2.14,win,2.28,DOG,Saturday,235,43.90,,,,,,,
,September,9/21/2024,MLB,Royals ML,2,MONEYLINE,1.73,lose,-2.00,FAV,Saturday,236,41.90,,,,,,,
,September,9/21/2024,SOCCER,St Louis Under 3.5,2,TOTAL,1.80,win,1.60,UNDER,Saturday,237,43.50,,,,,,,
,September,9/22/2024,NFL,Colts ML,2,MONEYLINE,1.80,win,1.60,FAV,Sunday,238,45.10,,,,,,,
,September,9/22/2024,NFL,Steelers ML,2,MONEYLINE,1.75,win,1.50,FAV,Sunday,239,46.60,,,,,,,
,September,9/22/2024,MLB,Brewers ML,2,MONEYLINE,1.77,win,1.54,FAV,Sunday,240,48.14,,,,,,,
,September,9/22/2024,NFL,Cardinals +4,2,SPREAD,1.83,lose,-2.00,DOG,Sunday,241,46.14,,,,,,,
,September,9/23/2024,MLB,Astros ML,2,MONEYLINE,1.80,lose,-2.00,FAV,Monday,242,44.14,,,,,,,
,September,9/24/2024,MLB,Brewers ML,2,MONEYLINE,1.75,win,1.50,FAV,Tuesday,243,45.64,,,,,,,
,September,9/24/2024,MLB,Blue Jays ML,2,MONEYLINE,1.80,lose,-2.00,FAV,Tuesday,244,43.64,,,,,,,
,September,9/25/2024,MLB,Royals ML,3,MONEYLINE,1.75,win,2.25,FAV,Wednesday,245,45.89,,,,,,,
,September,9/25/2024,MLB,Blue Jays ML,2,MONEYLINE,1.77,win,1.54,FAV,Wednesday,246,47.43,,,,,,,
,September,9/25/2024,MLB,Dodgers ML,2,MONEYLINE,1.75,win,1.50,FAV,Wednesday,247,48.93,,,,,,,
,September,9/26/2024,MLB,Rays +1.5,2,SPREAD,1.73,win,1.46,DOG,Thursday,248,50.39,,,,,,,
,September,9/26/2024,MLB,Angels ML,2,MONEYLINE,1.77,lose,-2.00,FAV,Thursday,249,48.39,,,,,,,
,September,9/26/2024,MLB,Yankees -1,2,SPREAD,1.80,win,1.60,FAV,Thursday,250,49.99,,,,,,,
,September,9/27/2024,MLB,Mets ML,2,MONEYLINE,1.75,lose,-2.00,FAV,Friday,251,47.99,,,,,,,
,September,9/28/2024,MLB,Reds F5 +0.5,2,F5 +0.5,1.75,win,1.50,DOG,Saturday,252,49.49,,,,,,,
,September,9/28/2024,MLB,Guardians ML,3,MONEYLINE,1.73,lose,-3.00,FAV,Saturday,253,46.49,,,,,,,
,September,9/29/2024,MLB,Mets ML,2,MONEYLINE,1.75,win,1.50,FAV,Sunday,254,47.99,,,,,,,
,September,9/29/2024,MLB,Reds ML,2,MONEYLINE,1.91,win,1.82,ND,Sunday,255,49.81,,,,,,,
,September,9/30/2024,MLB,Mets ML,2,MONEYLINE,2.24,win,2.48,DOG,Monday,256,52.29,,,,,,,
,October,10/1/2024,MLB,Tigers ML,2,MONEYLINE,2.23,win,2.46,DOG,Tuesday,257,54.75,,,,,,,
,October,10/1/2024,MLB,Brewers ML,2,MONEYLINE,1.72,lose,-2.00,FAV,Tuesday,258,52.75,,,,,,,
,October,10/2/2024,MLB,Orioles ML,2,MONEYLINE,1.71,lose,-2.00,FAV,Wednesday,259,50.75,,,,,,,
,October,10/2/2024,MLB,Braves ML,2,MONEYLINE,2.06,lose,-2.00,DOG,Wednesday,260,48.75,,,,,,,
,October,10/3/2024,SOCCER,Porto vs ManU BTTS - YES,2,BTTS,1.62,win,1.23,ND,Thursday,261,49.98,,,,,,,
,October,10/3/2024,MLB,Mets ML,2,MONEYLINE,2.16,win,2.32,DOG,Thursday,262,52.30,,,,,,,
,October,10/3/2024,NFL,Falcons ML,2,MONEYLINE,1.70,win,1.40,FAV,Thursday,263,53.70,,,,,,,
,October,10/4/2024,SOCCER,Venezia vs Verona Over 2.5,2,TOTAL,1.83,win,1.66,OVER,Friday,264,55.36,,,,,,,
,October,10/4/2024,NCAAF,UNLV -4.5,2,SPREAD,1.77,lose,-2.00,FAV,Friday,265,53.36,,,,,,,
,October,10/5/2024,NCAAF,Virginia ML,2,MONEYLINE,1.77,win,1.54,FAV,Saturday,266,54.90,,,,,,,
,October,10/5/2024,SOCCER,Everton +0.5,2,SPREAD,2.05,win,2.10,DOG,Saturday,267,57.00,,,,,,,
,October,10/5/2024,MLB,Guardians ML,2,MONEYLINE,1.77,win,1.54,FAV,Saturday,268,58.54,,,,,,,
,October,10/5/2024,NCAAF,Marshall ML,2,MONEYLINE,1.63,win,1.25,FAV,Saturday,269,59.79,,,,,,,
,October,10/5/2024,MLB,Phillies ML,2,MONEYLINE,1.55,lose,-2.00,FAV,Saturday,270,57.79,,,,,,,
,October,10/5/2024,MLB,Royals +1.5,2,SPREAD,1.83,win,1.66,DOG,Saturday,271,59.45,,,,,,,
,October,10/5/2024,MLB,Dodgers ML,2,MONEYLINE,1.75,win,1.50,FAV,Saturday,272,60.95,,,,,,,
,October,10/6/2024,NFL,Jets +2,2,SPREAD,1.91,lose,-2.00,DOG,Sunday,273,58.95,,,,,,,
,October,10/6/2024,MLB,Phillies ML,2,MONEYLINE,1.73,win,1.45,FAV,Sunday,274,60.40,,,,,,,
,October,10/6/2024,MLB,Padres +1.5,2,SPREAD,1.63,win,1.25,DOG,Sunday,275,61.65,,,,,,,
,October,10/6/2024,NFL,Steelers ML,2,MONEYLINE,1.70,lose,-2.00,FAV,Sunday,276,59.65,,,,,,,
,October,10/7/2024,MLB,Guardians +1.5,2,SPREAD,1.60,lose,-2.00,DOG,Monday,277,57.65,,,,,,,
,October,10/7/2024,MLB,Yankees ML,2,MONEYLINE,1.68,lose,-2.00,FAV,Monday,278,55.65,,,,,,,
,October,10/8/2024,MLB,Mets ML,2,MONEYLINE,1.90,win,1.80,ND,Tuesday,279,57.45,,,,,,,
,October,10/8/2024,MLB,Tigers ML,2,MONEYLINE,1.80,win,1.60,FAV,Tuesday,280,59.05,,,,,,,
,October,10/9/2024,MLB,Yankees ML,2,MONEYLINE,1.79,win,1.58,FAV,Wednesday,281,60.63,,,,,,,
,October,10/9/2024,MLB,Dodgers ML,2,MONEYLINE,2.11,win,2.22,DOG,Wednesday,282,62.85,,,,,,,
,October,10/10/2024,MLB,Guardians vs Tigers Over 6,2,TOTAL,1.67,win,1.34,OVER,Thursday,283,64.19,,,,,,,
,October,10/11/2024,MLB,Dodgers ML,2,MONEYLINE,1.65,win,1.30,FAV,Friday,284,65.49,,,,,,,
,October,10/12/2024,MLB,Guardians ML,2,MONEYLINE,1.94,win,1.88,DOG,Saturday,285,67.37,,,,,,,
,October,10/12/2024,NCAAF,Pitt ML,2,MONEYLINE,1.60,win,1.20,FAV,Saturday,286,68.57,,,,,,,
,October,10/12/2024,NCAAF,Ohio State -2,2,SPREAD,1.70,lose,-2.00,FAV,Saturday,287,66.57,,,,,,,
,October,10/13/2024,NFL,Patriots +6.5,2,SPREAD,1.80,lose,-2.00,DOG,Sunday,288,64.57,,,,,,,
,October,10/13/2024,SOCCER,Austria BTTS - YES,2,BTTS,1.78,win,1.56,ND,Sunday,289,66.13,,,,,,,
,October,10/13/2024,NFL,Chargers ML,2,MONEYLINE,1.67,win,1.34,FAV,Sunday,290,67.47,,,,,,,
,October,10/13/2024,NFL,Cowboys +5.5,2,SPREAD,1.73,lose,-2.00,DOG,Sunday,291,65.47,,,,,,,
,October,10/13/2024,MLB,Mets ML,2,MONEYLINE,1.73,lose,-2.00,FAV,Sunday,292,63.47,,,,,,,
,October,10/14/2024,MLB,Guaridans +1.5,2,SPREAD,1.73,lose,-2.00,DOG,Monday,293,61.47,,,,,,,
,October,10/14/2024,NFL,Bills ML,2,MONEYLINE,1.87,win,1.74,FAV,Monday,294,63.21,,,,,,,
,October,10/15/2024,SOCCER,Serbia +1.5,2,SPREAD,1.80,lose,-2.00,DOG,Tuesday,295,61.21,,,,,,,
,October,10/15/2024,SOCCER,Romania ML,2,3-way ML,2.10,win,2.20,FAV,Tuesday,296,63.41,,,,,,,
,October,10/15/2024,SOCCER,Cyprus Over 2.5,2,TOTAL,1.83,win,1.66,OVER,Tuesday,297,65.07,,,,,,,
,October,10/15/2024,MLB,Guardians +1.5,2,SPREAD,1.67,lose,-2.00,DOG,Tuesday,298,63.07,,,,,,,
,October,10/16/2024,MLB,Mets F5 ML,2,F5 ML,1.87,lose,-2.00,FAV,Wednesday,299,61.07,,,,,,,
,October,10/17/2024,MLB,Guardians ML,2,MONEYLINE,1.91,win,1.82,ND,Thursday,300,62.89,,,,,,,
,October,10/17/2024,NFL,Broncos ML,2,MONEYLINE,1.67,win,1.34,FAV,Thursday,301,64.23,,,,,,,
,October,10/18/2024,MLB,Mets +1.5,2,SPREAD,1.70,win,1.40,DOG,Friday,302,65.63,,,,,,,
,October,10/18/2024,MLB,Yankees ML,2,MONEYLINE,1.86,win,1.72,FAV,Friday,303,67.35,,,,,,,
,October,10/19/2024,SOCCER,Real Madrid ML,2,3-way ML,1.59,win,1.18,FAV,Saturday,304,68.53,,,,,,,
,October,10/19/2024,NCAAF,Arkansas +3,2,SPREAD,1.91,lose,-2.00,DOG,Saturday,305,66.53,,,,,,,
,October,10/20/2024,SOCCER,Lyon ML,2,3-way ML,1.86,win,1.72,FAV,Sunday,306,68.25,,,,,,,
,October,10/20/2024,NFL,Packers ML,2,MONEYLINE,1.59,win,1.18,FAV,Sunday,307,69.43,,,,,,,
,October,10/20/2024,NFL,Chiefs +2.5,2,SPREAD,1.91,win,1.82,DOG,Sunday,308,71.25,,,,,,,
,October,10/20/2024,MLB,Dodgers ML,2,MONEYLINE,1.70,win,1.40,FAV,Sunday,309,72.65,,,,,,,
,October,10/22/2024,NBA,Celtics -6,2,SPREAD,1.91,win,1.82,FAV,Tuesday,310,74.47,,,,,,,
,October,10/22/2024,NBA,Lakers ML,2,MONEYLINE,2.05,win,2.10,DOG,Tuesday,311,76.57,,,,,,,
,October,10/23/2024,NBA,Cavs -5,2,SPREAD,1.73,win,1.46,FAV,Wednesday,312,78.03,,,,,,,
,October,10/24/2024,NBA,Nuggets ML,2,MONEYLINE,1.73,lose,-2.00,FAV,Thursday,313,76.03,,,,,,,
,October,10/25/2024,NBA,76ers ML,2,MONEYLINE,2.25,lose,-2.00,DOG,Friday,314,74.03,,,,,,,
,October,10/25/2024,NBA,Bulls +10.5,2,SPREAD,1.77,win,1.54,DOG,Friday,315,75.57,,,,,,,
,October,10/25/2024,NBA,Lakers ML,2,MONEYLINE,1.83,win,1.66,FAV,Friday,316,77.23,,,,,,,
,October,10/26/2024,NBA,Magic ML,2,MONEYLINE,2.05,lose,-2.00,DOG,Saturday,317,75.23,,,,,,,
,October,10/27/2024,NBA,76ers +9,2,SPREAD,1.91,win,1.82,DOG,Sunday,318,77.05,,,,,,,
,October,10/29/2024,NBA,Pelicans ML,2,MONEYLINE,1.80,lose,-2.00,FAV,Tuesday,319,75.05,,,,,,,
,October,10/30/2024,NBA,Pistons +5,2,SPREAD,1.80,win,1.60,DOG,Wednesday,320,76.65,,,,,,,
,October,10/31/2024,NBA,Bucks -5,2,SPREAD,1.77,lose,-2.00,FAV,Thursday,321,74.65,,,,,,,
,October,10/31/2024,NBA,Rockets +7,2,SPREAD,1.83,win,1.66,DOG,Thursday,322,76.31,,,,,,,
,November,11/1/2024,NBA,Pelicans +5,2,SPREAD,1.83,win,1.66,DOG,Friday,323,77.97,,,,,,,
,November,11/1/2024,NBA,Nuggets +4.5,2,SPREAD,1.77,win,1.54,DOG,Friday,324,79.51,,,,,,,
,November,11/2/2024,NCAAF,Minnesota ML,2,MONEYLINE,1.73,win,1.46,FAV,Saturday,325,80.97,,,,,,,
,November,11/2/2024,NCAAF,Buffalo ML,2,MONEYLINE,1.91,win,1.82,ND,Saturday,326,82.79,,,,,,,
,November,11/2/2024,NBA,76ers ML,2,MONEYLINE,1.91,lose,-2.00,ND,Saturday,327,80.79,,,,,,,
,November,11/3/2024,NFL,Rams ML,2,MONEYLINE,1.83,win,1.66,FAV,Sunday,328,82.45,,,,,,,
,November,11/3/2024,NFL,Browns +2,2,SPREAD,1.80,lose,-2.00,DOG,Sunday,329,80.45,,,,,,,
,November,11/3/2024,NBA,Nets ML,2,MONEYLINE,1.67,lose,-2.00,FAV,Sunday,330,78.45,,,,,,,
,November,11/4/2024,NBA,Pacers +6,2,SPREAD,1.73,win,1.46,DOG,Monday,331,79.91,,,,,,,
,November,11/5/2024,SOCCER,PSV ML,2,3-way ML,1.70,win,1.40,FAV,Tuesday,332,81.31,,,,,,,
,November,11/6/2024,NBA,Heat +6,2,SPREAD,1.77,win,1.54,DOG,Wednesday,333,82.85,,,,,,,
,November,11/8/2024,NBA,Heat +4,2,SPREAD,1.70,lose,-2.00,DOG,Friday,334,80.85,,,,,,,
,November,11/8/2024,NBA,Clippers +6,2,SPREAD,1.77,win,1.54,DOG,Friday,335,82.39,,,,,,,
,November,11/9/2024,NCAAF,Oklahoma ML,2,MONEYLINE,1.63,lose,-2.00,FAV,Saturday,336,80.39,,,,,,,
,November,11/9/2024,NBA,Bulls +3.5,2,SPREAD,1.77,win,1.54,DOG,Saturday,337,81.93,,,,,,,
,November,11/10/2024,NFL,Colts +5,2,SPREAD,1.83,lose,-2.00,DOG,Sunday,338,79.93,,,,,,,
,November,11/10/2024,NFL,Steelers +2.5,2,SPREAD,1.77,win,1.54,DOG,Sunday,339,81.47,,,,,,,
,November,11/10/2024,NBA,Knicks ML,2,MONEYLINE,1.67,lose,-2.00,FAV,Sunday,340,79.47,,,,,,,
,November,11/11/2024,NBA,Nets ML,2,MONEYLINE,1.77,win,1.54,FAV,Monday,341,81.01,,,,,,,
,November,11/12/2024,NBA,76ers +4,2,SPREAD,1.75,lose,-2.00,DOG,Tuesday,342,79.01,,,,,,,
,November,11/12/2024,NBA,Mavericks +4,2,SPREAD,1.75,win,1.50,DOG,Tuesday,343,80.51,,,,,,,
,November,11/13/2024,NBA,Bulls +9,2,SPREAD,1.75,win,1.50,DOG,Wednesday,344,82.01,,,,,,,
,November,11/14/2024,NBA,Jazz +9,2,SPREAD,1.77,win,1.54,DOG,Thursday,345,83.55,,,,,,,
,November,11/15/2024,NBA,Pelicans +3,3,SPREAD,1.77,win,2.31,DOG,Friday,346,85.86,,,,,,,
,November,11/16/2024,NBA,Hornets +5,2,SPREAD,1.75,win,1.50,DOG,Saturday,347,87.36,,,,,,,
,November,11/17/2024,NFL,Rams -3,2,SPREAD,1.70,win,1.40,FAV,Sunday,348,88.76,,,,,,,
,November,11/17/2024,NBA,Pacers ML,2,MONEYLINE,1.62,win,1.23,FAV,Sunday,349,89.99,,,,,,,
,November,11/18/2024,NBA,Raptors +4,2,SPREAD,1.75,win,1.50,DOG,Monday,350,91.49,,,,,,,
,November,11/19/2024,NBA,Cavaliers +8,2,SPREAD,1.70,win,1.40,DOG,Tuesday,351,92.89,,,,,,,
,November,11/20/2024,NBA,Clippers +4,2,SPREAD,1.75,win,1.50,DOG,Wednesday,352,94.39,,,,,,,
,November,11/21/2024,NBA,Jazz +4,2,SPREAD,1.73,lose,-2.00,DOG,Thursday,353,92.39,,,,,,,
,November,11/22/2024,NBA,Kings ML,2,MONEYLINE,1.60,lose,-2.00,FAV,Friday,354,90.39,,,,,,,
,November,11/23/2024,NBA,Hornets +9,2,SPREAD,1.80,win,1.60,DOG,Saturday,355,91.99,,,,,,,
,November,11/24/2024,NBA,Timberwolves +9,2,SPREAD,1.77,win,1.54,DOG,Sunday,356,93.53,,,,,,,
,November,11/24/2024,NBA,76ers +2.5,2,SPREAD,1.75,lose,-2.00,DOG,Sunday,357,91.53,,,,,,,
,November,11/25/2024,NBA,Raptors +5,2,SPREAD,1.75,win,1.50,DOG,Monday,358,93.03,,,,,,,
,November,11/25/2024,NBA,Mavericks +4,2,SPREAD,1.77,win,1.54,DOG,Monday,359,94.57,,,,,,,
,November,11/25/2024,NBA,Knicks +3.5,2,SPREAD,1.75,win,1.50,DOG,Monday,360,96.07,,,,,,,
,November,11/26/2024,NBA,Wizards +6.5,2,SPREAD,1.77,lose,-2.00,DOG,Tuesday,361,94.07,,,,,,,
,November,11/26/2024,NBA,Timberwolves ML,2,MONEYLINE,1.67,lose,-2.00,FAV,Tuesday,362,92.07,,,,,,,
,November,11/27/2024,NBA,Mavericks +4,2,SPREAD,1.77,win,1.54,DOG,Wednesday,363,93.61,,,,,,,
,November,11/27/2024,NBA,Timberwolves ML,2,MONEYLINE,1.70,lose,-2.00,FAV,Wednesday,364,91.61,,,,,,,
,November,11/28/2024,NFL,Lions -8,2,SPREAD,1.77,lose,-2.00,FAV,Thursday,365,89.61,,,,,,,
,November,11/28/2024,NFL,Giants +4.5,2,SPREAD,1.83,lose,-2.00,DOG,Thursday,366,87.61,,,,,,,
,November,11/29/2024,NBA,Magic -7,2,SPREAD,1.80,win,1.60,FAV,Friday,367,89.21,,,,,,,
,November,11/29/2024,NBA,Lakers +3,2,SPREAD,1.75,lose,-2.00,DOG,Friday,368,87.21,,,,,,,
,November,11/30/2024,NCAAF,Clemson ML,2,MONEYLINE,1.77,lose,-2.00,FAV,Saturday,369,85.21,,,,,,,
,November,11/30/2024,NCAAF,Baylor +2.5,2,SPREAD,1.91,win,1.82,DOG,Saturday,370,87.03,,,,,,,
,November,11/30/2024,NBA,76ers ML,2,MONEYLINE,1.87,win,1.74,FAV,Saturday,371,88.77,,,,,,,
,November,11/30/2024,NBA,Warriors ML,2,MONEYLINE,2.00,lose,-2.00,DOG,Saturday,372,86.77,,,,,,,
,December,12/1/2024,NBA,Cavaliers ML,2,MONEYLINE,1.83,win,1.66,FAV,Sunday,373,88.43,,,,,,,
,December,12/2/2024,NBA,Pelicans +10,2,SPREAD,1.80,lose,-2.00,DOG,Monday,374,86.43,,,,,,,
,December,12/3/2024,NBA,Grizzlies +5.5,2,SPREAD,1.77,win,1.54,DOG,Tuesday,375,87.97,,,,,,,
,December,12/4/2024,NBA,Hawks +5,2,SPREAD,1.80,win,1.60,DOG,Wednesday,376,89.57,,,,,,,
,December,12/5/2024,NBA,Pelicans +2.5,3,SPREAD,1.80,win,2.40,DOG,Thursday,377,91.97,,,,,,,
,December,12/6/2024,NBA,Hawks ML,2,MONEYLINE,1.67,win,1.34,FAV,Friday,378,93.31,,,,,,,
,December,12/7/2024,NBA,Suns +7,2,SPREAD,1.75,lose,-2.00,DOG,Saturday,379,91.31,,,,,,,
,December,12/8/2024,NBA,Nuggets ML,2,MONEYLINE,2.05,win,2.10,DOG,Sunday,380,93.41,,,,,,,
,December,12/10/2024,NBA,Thunder -3,2,SPREAD,1.75,win,1.50,FAV,Tuesday,381,94.91,,,,,,,
,December,12/11/2024,NBA,Rockets ML,3,MONEYLINE,1.75,win,2.25,FAV,Wednesday,382,97.16,,,,,,,
,December,12/12/2024,NBA,Pelicans +8.5,2,SPREAD,1.73,win,1.46,DOG,Thursday,383,98.62,,,,,,,
,December,12/13/2024,NBA,Hornets +7.5,2,SPREAD,1.73,lose,-2.00,DOG,Friday,384,96.62,,,,,,,
,December,12/14/2024,NBA,Bucks ML,3,MONEYLINE,1.60,win,1.80,FAV,Saturday,385,98.42,,,,,,,
,December,12/15/2024,NFL,Texans ML,2,MONEYLINE,1.63,win,1.25,FAV,Sunday,386,99.67,,,,,,,
,December,12/16/2024,NBA,Nuggets +2,2,SPREAD,1.80,win,1.60,DOG,Monday,387,101.27,,,,,,,
,December,12/17/2024,NBA,Bucks +6,2,SPREAD,1.77,win,1.54,DOG,Tuesday,388,102.81,,,,,,,
,December,12/18/2024,NCAAB,Indiana State +4,2,SPREAD,1.80,win,1.60,DOG,Wednesday,389,104.41,,,,,,,
,December,12/19/2024,NBA,Clippers +2.5,2,SPREAD,1.77,win,1.54,DOG,Thursday,390,105.95,,,,,,,
,December,12/20/2024,NBA,76ers -12,2,SPREAD,1.77,lose,-2.00,FAV,Friday,391,103.95,,,,,,,
,December,12/21/2024,NBA,Kings ML,2,MONEYLINE,1.63,lose,-2.00,FAV,Saturday,392,101.95,,,,,,,
,December,12/22/2024,NFL,Rams ML,2,MONEYLINE,1.67,win,1.34,FAV,Sunday,393,103.29,,,,,,,
,December,12/23/2024,NBA,Spurs +7,2,SPREAD,1.75,win,1.50,DOG,Monday,394,104.79,,,,,,,
,December,12/25/2024,NFL,Steelers +3,2,SPREAD,1.63,lose,-2.00,DOG,Wednesday,395,102.79,,,,,,,
,December,12/25/2024,NBA,Warriors ML,2,MONEYLINE,1.70,lose,-2.00,FAV,Wednesday,396,100.79,,,,,,,
,December,12/26/2024,SOCCER,Newcastle vs Aston Villa Over 2.5,2,TOTAL,1.63,win,1.25,OVER,Thursday,397,102.04,,,,,,,
,December,12/26/2024,NBA,Heat ML,2,MONEYLINE,2.05,win,2.10,DOG,Thursday,398,104.14,,,,,,,
,December,12/27/2024,NBA,Celtics ML Spurs ML,3,PARLAY,1.53,win,1.59,PARLAY,Friday,399,105.73,,,,,,,
,December,12/28/2024,NCAAF,Boston College +4,2,MONEYLINE,1.75,lose,-2.00,DOG,Saturday,400,103.73,,,,,,,
,December,12/28/2024,NBA,Heat +1.5,2,SPREAD,2.05,lose,-2.00,DOG,Saturday,401,101.73,,,,,,,
,December,12/28/2024,NBA,Blazers +4.5,2,SPREAD,1.75,win,1.50,DOG,Saturday,402,103.23,,,,,,,
,December,12/29/2024,NFL,Jaguars ML,2,MONEYLINE,2.00,win,2.00,DOG,Sunday,403,105.23,,,,,,,
,December,12/29/2024,NBA,Raptors ML,2,MONEYLINE,2.05,lose,-2.00,DOG,Sunday,404,103.23,,,,,,,
,December,12/30/2024,NBA,Cavaliers ML,2,MONEYLINE,1.63,win,1.25,FAV,Monday,405,104.48,,,,,,,
,December,12/31/2024,NCAAB,Rhode Island ML,2,MONEYLINE,1.80,lose,-2.00,FAV,Tuesday,406,102.48,,,,,,,
,December,12/31/2024,NBA,Suns -4.5,2,SPREAD,1.75,lose,-2.00,FAV,Tuesday,407,100.48,,,,,,,
,January,1/1/2025,NBA,Hawks +9.5,2,SPREAD,1.75,lose,-2.00,DOG,Wednesday,408,98.48,,,,,,,
,January,1/2/2025,NBA,Blazers +8.5,2,SPREAD,1.75,win,1.50,DOG,Thursday,409,99.98,,,,,,,
,January,1/3/2025,NBA,Celtics -1.5,2,SPREAD,1.70,win,1.40,FAV,Friday,410,101.38,,,,,,,
,January,1/4/2025,NBA,Hawks +7,2,SPREAD,1.80,lose,-2.00,DOG,Saturday,411,99.38,,,,,,,
,January,1/5/2025,NFL,Chargers -5.5,2,SPREAD,1.70,win,1.40,FAV,Sunday,412,100.78,,,,,,,
,January,1/5/2025,NBA,Rockets ML,2,MONEYLINE,1.60,win,1.20,FAV,Sunday,413,101.98,,,,,,,
,January,1/6/2025,NBA,Blazers +7,2,SPREAD,1.77,win,1.54,DOG,Monday,414,103.52,,,,,,,
,January,1/7/2025,NBA,Pelicans +5,2,SPREAD,1.75,lose,-2.00,DOG,Tuesday,415,101.52,,,,,,,
,January,1/8/2025,NBA,Bucks -3.5,2,SPREAD,1.77,win,1.54,FAV,Wednesday,416,103.06,,,,,,,
,January,1/9/2025,NBA,Pistons +2.5,2,SPREAD,2.05,lose,-2.00,DOG,Thursday,417,101.06,,,,,,,
,January,1/10/2025,NBA,Pacers -9.5,2,SPREAD,1.75,win,1.50,FAV,Friday,418,102.56,,,,,,,
,January,1/11/2025,SOCCER,Atalanta ML,2,3-way ML,1.63,lose,-2.00,FAV,Saturday,419,100.56,,,,,,,
,January,1/12/2025,NHL,Redwings ML,3,MONEYLINE,1.60,win,1.80,FAV,Sunday,420,102.36,,,,,,,
,January,1/12/2025,NBA,Nets +4.5,2,SPREAD,1.75,win,1.50,DOG,Sunday,421,103.86,,,,,,,
,January,1/13/2025,NBA,Pistons +8,2,SPREAD,1.80,win,1.60,DOG,Monday,422,105.46,,,,,,,
,January,1/13/2025,NBA,Clippers -2,2,SPREAD,1.75,win,1.50,FAV,Monday,423,106.96,,,,,,,
,January,1/14/2025,SOCCER,Mainz TT Over 0.5,2,TOTAL,1.87,lose,-2.00,OVER,Tuesday,424,104.96,,,,,,,
,January,1/14/2025,NBA,Cavs -6.5,2,SPREAD,1.70,win,1.40,FAV,Tuesday,425,106.36,,,,,,,
,January,1/14/2025,NBA,Bucks ML,2,MONEYLINE,1.77,win,1.54,FAV,Tuesday,426,107.90,,,,,,,
,January,1/14/2025,NBA,Hawks ML,2,MONEYLINE,1.73,win,1.46,FAV,Tuesday,427,109.36,,,,,,,
,January,1/14/2025,NHL,Avalanche ML,2,MONEYLINE,1.72,win,1.43,FAV,Tuesday,428,110.79,,,,,,,
,January,1/15/2025,NBA,Grizzlies ML,2,MONEYLINE,1.73,win,1.46,FAV,Wednesday,429,112.25,,,,,,,
,January,1/15/2025,NBA,Mavs ML,2,MONEYLINE,2.05,lose,-2.00,DOG,Wednesday,430,110.25,,,,,,,
,January,1/16/2025,NBA,Thunder ML,2,MONEYLINE,1.73,win,1.46,FAV,Thursday,431,111.71,,,,,,,
,January,1/16/2024,NCAAB,Nebraska -7,2,SPREAD,1.77,lose,-2.00,FAV,Tuesday,432,109.71,,,,,,,
,January,1/17/2024,NBA,Timberwolves +5.5,2,SPREAD,1.75,win,1.50,DOG,Wednesday,433,111.21,,,,,,,
,January,1/17/2025,NBA,Spurs ML,2,MONEYLINE,1.80,lose,-2.00,FAV,Friday,434,109.21,,,,,,,
,January,1/18/2025,NBA,Pistons +2.5,2,SPREAD,1.80,lose,-2.00,DOG,Saturday,435,107.21,,,,,,,
,January,1/18/2025,NBA,Hawks +10.5,3,SPREAD,1.77,win,2.31,DOG,Saturday,436,109.52,,,,,,,
,January,1/19/2025,NBA,Heat ML,2,MONEYLINE,1.67,win,1.34,FAV,Sunday,437,110.86,,,,,,,
,January,1/20/2025,NBA,Hornets +6,2,SPREAD,1.70,win,1.40,DOG,Monday,438,112.26,,,,,,,
,January,1/20/2025,NBA,Bulls +8,2,SPREAD,1.75,win,1.50,DOG,Monday,439,113.76,,,,,,,
,January,1/21/2025,NCAAB,Creighton -6,2,SPREAD,1.77,win,1.54,FAV,Tuesday,440,115.30,,,,,,,
,January,1/22/2025,NBA,Hawks -2.5,2,SPREAD,1.75,lose,-2.00,FAV,Wednesday,441,113.30,,,,,,,
,January,1/22/2025,NBA,Warriors +8,2,SPREAD,1.80,win,1.60,DOG,Wednesday,442,114.90,,,,,,,
,January,1/23/2025,NBA,Pacers ML,2,MONEYLINE,1.67,lose,-2.00,FAV,Thursday,443,112.90,,,,,,,
,January,1/23/2025,NBA,Magic -6,2,SPREAD,1.77,lose,-2.00,FAV,Thursday,444,110.90,,,,,,,
,January,1/23/2025,NBA,Heat +7.5,2,SPREAD,1.75,lose,-2.00,DOG,Thursday,445,108.90,,,,,,,
,January,1/23/2025,NHL,Wild ML,2,MONEYLINE,1.73,lose,-2.00,FAV,Thursday,446,106.90,,,,,,,
,January,1/24/2025,NBA,76ers +10.5,2,SPREAD,1.80,win,1.60,DOG,Friday,447,108.50,,,,,,,
,January,1/25/2025,NBA,Pacers ML,2,MONEYLINE,1.75,win,1.50,FAV,Saturday,448,110.00,,,,,,,
,January,1/25/2025,NBA,Pelicans ML,2,MONEYLINE,1.83,lose,-2.00,FAV,Saturday,449,108.00,,,,,,,
,January,1/25/2025,NBA,76ers +4,2,SPREAD,1.77,win,1.54,DOG,Saturday,450,109.54,,,,,,,
,January,1/25/2025,NBA,Clippers -2,3,SPREAD,1.70,win,2.10,FAV,Saturday,451,111.64,,,,,,,
,January,1/26/2025,NHL,Rangers ML,2,MONEYLINE,1.76,lose,-2.00,FAV,Sunday,452,109.64,,,,,,,
,February,2/2/2025,NBA,Grizzlies +5,2,SPREAD,1.75,win,1.50,DOG,Sunday,453,111.14,,,,,,,
,February,2/3/2025,NBA,Timberwolves -2.5,2,SPREAD,1.63,lose,-2.00,FAV,Monday,454,109.14,,,,,,,
,February,2/3/2025,NBA,Warriors ML,2,MONEYLINE,1.67,win,1.34,FAV,Monday,455,110.48,,,,,,,
,February,2/4/2025,NBA,Raptors +5.5,2,SPREAD,1.75,lose,-2.00,DOG,Tuesday,456,108.48,,,,,,,
,February,2/4/2025,NBA,Pacers -4,2,SPREAD,1.75,lose,-2.00,FAV,Tuesday,457,106.48,,,,,,,
,February,2/6/2025,NBA,Rockets ML,2,MONEYLINE,2.05,lose,-2.00,DOG,Thursday,458,104.48,,,,,,,
,February,2/7/2025,NBA,Bucks ML,2,MONEYLINE,1.70,lose,-2.00,FAV,Friday,459,102.48,,,,,,,
,February,2/8/2025,NCAAB,Jacksonville St ML,2,MONEYLINE,2.05,win,2.10,DOG,Saturday,460,104.58,,,,,,,
,February,2/10/2025,NBA,Heat +6,2,SPREAD,1.80,lose,-2.00,DOG,Monday,461,102.58,,,,,,,
,February,2/11/2025,NBA,Pacers +3,2,SPREAD,1.83,lose,-2.00,DOG,Tuesday,462,100.58,,,,,,,
,February,2/12/2025,NBA,Hawks +9,2,SPREAD,1.75,win,1.50,DOG,Wednesday,463,102.08,,,,,,,
,February,2/12/2025,NBA,Spurs +9,2,SPREAD,1.80,lose,-2.00,DOG,Wednesday,464,100.08,,,,,,,
,February,2/12/2025,NBA,Clippers -5,3,SPREAD,1.70,win,2.10,FAV,Wednesday,465,102.18,,,,,,,
,February,2/13/2025,NBA,Clippers vs Jazz Over 228,2,TOTAL,1.75,win,1.50,OVER,Thursday,466,103.68,,,,,,,
,February,2/14/2025,NCAAB,SJSU 1st half +5.5,2,SPREAD,1.75,win,1.50,DOG,Friday,467,105.18,,,,,,,
,February,2/15/2025,NCAAB,St Bonnies +2,2,SPREAD,1.80,win,1.60,DOG,Saturday,468,106.78,,,,,,,
,February,2/15/2025,NCAAB,Providence +3.5,3,SPREAD,1.77,win,2.31,DOG,Saturday,469,109.09,,,,,,,
,February,2/15/2025,NCAAB,Liberty ML,2,MONEYLINE,1.83,win,1.66,FAV,Saturday,470,110.75,,,,,,,
,February,2/16/2025,NCAAB,Bradley +6.5,2,SPREAD,1.77,win,1.54,DOG,Sunday,471,112.29,,,,,,,
,February,2/16/2025,NCAAB,Evansville +2.5,2,SPREAD,1.75,win,1.50,DOG,Sunday,472,113.79,,,,,,,
,February,2/16/2025,SOCCER,San Luis BTTS - YES,2,SPREAD,1.63,win,1.25,FAV,Sunday,473,115.04,,,,,,,
,February,2/17/2025,NCAAB,Florida A&M ML,2,MONEYLINE,1.63,win,1.25,FAV,Monday,474,116.29,,,,,,,
,February,2/18/2025,NCAAB,Michigan State ML,2,MONEYLINE,1.63,win,1.25,FAV,Tuesday,475,117.54,,,,,,,
,February,2/18/2025,NCAAB,SDSU -17,2,SPREAD,1.75,win,1.50,FAV,Tuesday,476,119.04,,,,,,,
,February,2/19/2025,SOCCER,West Ham BTTS - YES,3,BTTS,1.55,win,1.65,ND,Wednesday,477,120.69,,,,,,,
,February,2/19/2025,NCAAB,Kentucky -4,2,SPREAD,1.75,win,1.50,FAV,Wednesday,478,122.19,,,,,,,
,February,2/19/2025,NBA,Hornets +14,2,SPREAD,1.75,win,1.50,DOG,Wednesday,479,123.69,,,,,,,
,February,2/20/2025,NBA,Bucks ML,2,MONEYLINE,2.10,win,2.20,DOG,Thursday,480,125.89,,,,,,,
,February,2/21/2025,NBA,Wizards +6.5,2,SPREAD,1.75,win,1.50,DOG,Friday,481,127.39,,,,,,,
,February,2/22/2025,NCAAB,Texas a&m ML,2,MONEYLINE,1.77,lose,-2.00,FAV,Saturday,482,125.39,,,,,,,
,February,2/22/2025,SOCCER,Chelsea Over 2.5,2,TOTAL,1.63,win,1.25,OVER,Saturday,483,126.64,,,,,,,
,February,2/22/2025,NBA,Suns -4.5,2,SPREAD,1.83,lose,-2.00,FAV,Saturday,484,124.64,,,,,,,
,February,2/22/2025,NBA,Suns -4.5,2,SPREAD,1.75,win,1.50,FAV,Saturday,485,126.14,,,,,,,
,February,2/23/2025,NBA,Magic -12.5,2,SPREAD,1.77,win,1.54,FAV,Sunday,486,127.68,,,,,,,
,February,2/23/2025,NBA,Raptors +4,2,SPREAD,1.77,win,1.54,DOG,Sunday,487,129.22,,,,,,,
,February,2/23/2025,NBA,Pelicans ML,2,MONEYLINE,1.77,win,1.54,FAV,Sunday,488,130.76,,,,,,,
,February,2/24/2025,NBA,Nuggets ML,2,MONEYLINE,1.62,win,1.23,FAV,Monday,489,131.99,,,,,,,
,February,2/25/2025,NBA,Rockets ML,2,MONEYLINE,1.70,win,1.40,FAV,Tuesday,490,133.39,,,,,,,
,February,2/26/2025,NBA,Heat ML,2,MONEYLINE,1.67,win,1.34,FAV,Wednesday,491,134.73,,,,,,,
,February,2/27/2025,NCAAB,Central Connecticut -12.5,2,SPREAD,1.75,lose,-2.00,FAV,Thursday,492,132.73,,,,,,,
,February,2/27/2025,NHL,Ducks ML,2,MONEYLINE,2.05,win,2.10,DOG,Thursday,493,134.83,,,,,,,
,February,2/27/2025,NBA,Twolves +7,2,SPREAD,1.75,lose,-2.00,DOG,Thursday,494,132.83,,,,,,,
,February,2/28/2025,NBA,Nets +2.5,2,SPREAD,1.83,lose,-2.00,DOG,Friday,495,130.83,,,,,,,
,February,2/28/2025,NBA,Jazz +5,2,SPREAD,1.77,win,1.54,DOG,Friday,496,132.37,,,,,,,
,February,2/28/2025,NBA,Clippers ML,3,MONEYLINE,2.10,lose,-3.00,DOG,Friday,497,129.37,,,,,,,
,March,3/1/2025,NCAAB,SCAR ML,2,MONEYLINE,1.77,win,1.54,FAV,Saturday,498,130.91,,,,,,,
,March,3/1/2025,NCAAB,Texas Tech +5,2,SPREAD,1.80,win,1.60,DOG,Saturday,499,132.51,,,,,,,
,March,3/1/2025,NBA,Hornets ML,2,MONEYLINE,1.60,lose,-2.00,FAV,Saturday,500,130.51,,,,,,,
,March,3/1/2025,NBA,Spurs +6.5,2,SPREAD,1.77,win,1.54,DOG,Saturday,501,132.05,,,,,,,
,March,3/2/2025,NBA,Blazers +11.5,2,SPREAD,1.77,win,1.54,DOG,Sunday,502,133.59,,,,,,,
,March,3/2/2025,NBA,Pacers -10,2,SPREAD,1.75,win,1.50,FAV,Sunday,503,135.09,,,,,,,
,March,3/2/2025,NBA,Knicks -5.5,2,SPREAD,1.80,lose,-2.00,FAV,Sunday,504,133.09,,,,,,,
,March,3/3/2025,NBA,Wizards +10,2,SPREAD,1.73,lose,-2.00,DOG,Monday,505,131.09,,,,,,,
,March,3/3/2025,NBA,Kings ML,2,MONEYLINE,1.75,win,1.50,FAV,Monday,506,132.59,,,,,,,
,March,3/3/2025,NBA,Pistons -10,2,SPREAD,1.75,win,1.50,FAV,Monday,507,134.09,,,,,,,
,March,3/4/2025,NBA,Dortmund ML,2,SPREAD,1.60,lose,-2.00,FAV,Tuesday,508,132.09,,,,,,,
,March,3/4/2025,NBA,Real Madrid ML,2,SPREAD,1.87,win,1.74,FAV,Tuesday,509,133.83,,,,,,,
,March,3/4/2025,NBA,Suns +4,2,SPREAD,1.75,win,1.50,DOG,Tuesday,510,135.33,,,,,,,
,March,3/4/2025,NBA,Timberwolves -13,2,SPREAD,1.70,win,1.40,FAV,Tuesday,511,136.73,,,,,,,
,March,3/5/2025,NBA,Pistons -5,2,SPREAD,1.73,lose,-2.00,FAV,Wednesday,512,134.73,,,,,,,
,March,3/6/2025,NBA,Hawks ML,2,MONEYLINE,1.80,win,1.60,FAV,Thursday,513,136.33,,,,,,,
,March,3/7/2025,SOCCER,Mainz vs Borussia BTTS - YES,2,BTTS,1.60,win,1.19,ND,Friday,514,137.52,,,,,,,
,March,3/7/2025,NBA,Jazz +6,2,SPREAD,1.77,lose,-2.00,DOG,Friday,515,135.52,,,,,,,
,March,3/7/2025,NBA,Nuggets -6.5,2,SPREAD,1.75,win,1.50,FAV,Friday,516,137.02,,,,,,,
,March,3/8/2025,SOCCER,Fullham +0.5,2,SPREAD,1.80,lose,-2.00,DOG,Saturday,517,135.02,,,,,,,
,March,3/8/2025,NBA,Nets -4,2,SPREAD,1.77,lose,-2.00,FAV,Saturday,518,133.02,,,,,,,
,March,3/8/2025,NBA,Wizards +6,2,SPREAD,1.75,win,1.50,DOG,Saturday,519,134.52,,,,,,,
,March,3/9/2025,NBA,Nuggets +9,2,SPREAD,1.77,lose,-2.00,DOG,Sunday,520,132.52,,,,,,,
,March,3/9/2025,NBA,Mavericks +10,2,SPREAD,1.75,lose,-2.00,DOG,Sunday,521,130.52,,,,,,,
,March,3/12/2025,NBA,Blazers +5.5,2,SPREAD,1.70,win,1.40,DOG,Wednesday,522,131.92,,,,,,,
,March,3/13/2025,NCAAB,BYU +3.5,2,SPREAD,1.77,win,1.54,DOG,Thursday,523,133.46,,,,,,,
,March,3/13/2025,NBA,Bulls ML,2,MONEYLINE,1.80,win,1.60,FAV,Thursday,524,135.06,,,,,,,
,March,3/13/2025,NCAAB,Arizona ML,2,MONEYLINE,1.73,win,1.46,FAV,Thursday,525,136.52,,,,,,,
,March,3/14/2025,NCAAB,North Carolina +8,2,SPREAD,1.77,win,1.54,DOG,Friday,526,138.06,,,,,,,
,March,3/15/2025,NCAAB,Maryland -2.5,2,SPREAD,1.75,lose,-2.00,FAV,Saturday,527,136.06,,,,,,,
,March,3/16/2025,SOCCER,Fullham ML,2,3-way ML,2.00,win,2.00,FAV,Sunday,528,138.06,,,,,,,
,March,3/16/2025,NBA,Lakers ML,2,MONEYLINE,1.73,win,1.46,FAV,Sunday,529,139.52,,,,,,,
,March,3/16/2025,NBA,Bucks +6.5,2,SPREAD,1.77,lose,-2.00,DOG,Sunday,530,137.52,,,,,,,
,March,3/17/2025,NBA,Pistons -5.5,2,SPREAD,1.77,win,1.54,FAV,Monday,531,139.06,,,,,,,
,March,3/18/2025,NBA,Warriors +3,2,SPREAD,1.77,win,1.54,DOG,Tuesday,532,140.60,,,,,,,
,March,3/19/2025,NBA,Jazz ML,2,MONEYLINE,1.75,win,1.50,FAV,Wednesday,533,142.10,,,,,,,
,March,3/20/2025,NCAAB,Mcneese State +8.5,2,SPREAD,1.75,win,1.50,DOG,Thursday,534,143.60,,,,,,,
,March,3/20/2025,NBA,Bucks -2.5 1Η,2,SPREAD,1.60,win,1.20,FAV,Thursday,535,144.80,,,,,,,
,March,3/21/2025,NCAAB,Saint Mary -2.5,2,SPREAD,1.62,win,1.23,FAV,Friday,536,146.03,,,,,,,
,March,3/21/2025,NCAAB,New Mexico +6,2,SPREAD,1.75,win,1.50,DOG,Friday,537,147.53,,,,,,,
,March,3/21/2025,NBA,Nuggets ML,2,MONEYLINE,1.80,lose,-2.00,FAV,Friday,538,145.53,,,,,,,
,March,3/22/2025,NCAAB,Texas a&m ML,2,MONEYLINE,1.73,lose,-2.00,FAV,Saturday,539,143.53,,,,,,,
,March,3/22/2025,NCAAB,Purdue -5,2,SPREAD,1.75,win,1.50,FAV,Saturday,540,145.03,,,,,,,
,March,3/22/2025,NBA,Kings ML,2,MONEYLINE,1.75,lose,-2.00,FAV,Saturday,541,143.03,,,,,,,
,March,3/23/2025,SOCCER,USA vs Canada BTTS - Yes,2,BTTS,1.80,win,1.60,ND,Sunday,542,144.63,,,,,,,
,March,3/23/2025,NBA,Nuggets +9.5,2,SPREAD,1.70,win,1.40,DOG,Sunday,543,146.03,,,,,,,
,March,3/23/2025,NBA,Spurs +2,2,SPREAD,1.75,win,1.50,DOG,Sunday,544,147.53,,,,,,,
,March,3/24/2025,NBA,Mavericks ML,2,MONEYLINE,1.63,win,1.25,FAV,Monday,545,148.78,,,,,,,
,March,3/25/2025,NBA,Heat +6,2,SPREAD,1.70,win,1.40,DOG,Tuesday,546,150.18,,,,,,,
,March,3/26/2025,NBA,Clippers ML,2,MONEYLINE,1.62,win,1.23,FAV,Wednesday,547,151.41,,,,,,,
,March,3/26/2025,NBA,Suns +6,2,SPREAD,1.75,lose,-2.00,DOG,Wednesday,548,149.41,,,,,,,
,March,3/27/2025,MLB,Red Sox ML,2,MONEYLINE,1.80,win,1.60,FAV,Thursday,549,151.01,,,,,,,
,March,3/27/2025,NBA,Lakers -2.5,2,SPREAD,1.73,lose,-2.00,FAV,Thursday,550,149.01,,,,,,,
,March,3/28/2025,MLB,Red Sox Over 0.5,2,TOTAL,1.75,lose,-2.00,OVER,Friday,551,147.01,,,,,,,
,March,3/29/2025,MLB,Reds ML,2,MONEYLINE,1.84,win,1.68,FAV,Saturday,552,148.69,,,,,,,
,March,3/29/2025,MLB,Braves ML,2,MONEYLINE,1.75,lose,-2.00,FAV,Saturday,553,146.69,,,,,,,
,March,3/29/2025,NBA,Nets +2.5,2,SPREAD,1.87,win,1.74,DOG,Saturday,554,148.43,,,,,,,
,March,3/30/2025,NBA,Blazers +8,2,SPREAD,1.83,lose,-2.00,DOG,Sunday,555,146.43,,,,,,,
,March,3/30/2025,NBA,Pistons +9,2,SPREAD,1.63,lose,-2.00,DOG,Sunday,556,144.43,,,,,,,
,March,3/31/2025,MLB,Mets ML,2,MONEYLINE,1.53,win,1.06,FAV,Monday,557,145.49,,,,,,,
,March,3/31/2025,NBA,Magics +4,2,SPREAD,1.75,lose,-2.00,DOG,Monday,558,143.49,,,,,,,
,March,3/31/2025,MLB,Tigers ML,2,MONEYLINE,2.00,win,2.00,DOG,Monday,559,145.49,,,,,,,
,April,4/1/2025,MLB,Rays ML,2,MONEYLINE,1.61,win,1.21,FAV,Tuesday,560,146.70,,,,,,,
,April,4/2/2025,NBA,Hawks +5,2,SPREAD,1.75,win,1.50,DOG,Wednesday,561,148.20,,,,,,,
,April,4/3/2025,MLB,Yankees ML,2,MONEYLINE,1.73,win,1.46,FAV,Thursday,562,149.66,,,,,,,
,April,4/4/2025,MLB,Athletics ML,2,MONEYLINE,1.83,win,1.66,FAV,Friday,563,151.32,,,,,,,
,April,4/5/2025,MLB,Blue Jays ML,2,MONEYLINE,2.15,lose,-2.00,DOG,Saturday,564,149.32,,,,,,,
,April,4/6/2025,MLB,Padres ML,2,MONEYLINE,2.19,win,2.38,DOG,Sunday,565,151.70,,,,,,,
,April,4/7/2025,MLB,Giants ML,2,MONEYLINE,1.63,lose,-2.00,FAV,Monday,566,149.70,,,,,,,
,April,4/8/2025,MLB,Dodgers ML,2,MONEYLINE,1.55,lose,-2.00,FAV,Tuesday,567,147.70,,,,,,,
,April,4/8/2025,MLB,Diamondbacks ML,2,MONEYLINE,1.95,win,1.90,DOG,Tuesday,568,149.60,,,,,,,
,April,4/9/2025,MLB,Athletics ML,2,MONEYLINE,1.75,lose,-2.00,FAV,Wednesday,569,147.60,,,,,,,
,April,4/10/2025,NBA,Timberwolves ML,2,MONEYLINE,1.70,win,1.40,FAV,Thursday,570,149.00,,,,,,,
,April,4/11/2025,MLB,Reds ML,2,MONEYLINE,1.59,win,1.18,FAV,Friday,571,150.18,,,,,,,
,April,4/12/2025,MLB,Marlins ML,2,MONEYLINE,1.75,win,1.50,FAV,Saturday,572,151.68,,,,,,,
,April,4/12/2025,MLB,Dbacks ML,2,MONEYLINE,1.60,win,1.19,FAV,Saturday,573,152.87,,,,,,,
,April,4/13/2025,MLB,Braves ML,2,MONEYLINE,1.60,lose,-2.00,FAV,Sunday,574,150.87,,,,,,,
,April,4/14/2025,MLB,Padres ML,2,MONEYLINE,1.67,win,1.34,FAV,Monday,575,152.21,,,,,,,
,April,4/15/2025,MLB,Phillies ML,2,MONEYLINE,1.62,win,1.24,FAV,Tuesday,576,153.45,,,,,,,
,April,4/16/2025,MLB,Mariners ML,2,MONEYLINE,1.91,win,1.82,ND,Wednesday,577,155.27,,,,,,,
,April,4/17/2025,MLB,Guardians ML,2,MONEYLINE,2.11,lose,-2.00,DOG,Thursday,578,153.27,,,,,,,
,April,4/18/2025,MLB,Guardians ML,2,MONEYLINE,1.78,win,1.56,FAV,Friday,579,154.83,,,,,,,
,April,4/19/2025,MLB,Rays ML,2,MONEYLINE,1.78,win,1.56,FAV,Saturday,580,156.39,,,,,,,
,April,4/20/2025,MLB,Yankees ML,2,MONEYLINE,1.61,win,1.21,FAV,Sunday,581,157.60,,,,,,,
,April,4/21/2025,MLB,Tigers ML,2,MONEYLINE,1.70,win,1.40,FAV,Monday,582,159.00,,,,,,,
,April,4/22/2025,MLB,Mariners ML,2,MONEYLINE,2.00,lose,-2.00,DOG,Tuesday,583,157.00,,,,,,,
,April,4/23/2025,MLB,Orioles ml,2,MONEYLINE,1.70,lose,-2.00,FAV,Wednesday,584,155.00,,,,,,,
,April,4/23/2025,NBA,Rockets ML,2,MONEYLINE,1.60,win,1.20,FAV,Wednesday,585,156.20,,,,,,,
,April,4/24/2025,MLB,ANGELS ML,2,MONEYLINE,1.63,win,1.26,FAV,Thursday,586,157.46,,,,,,,
,April,4/25/2025,NBA,WOLVES ML,2,MONEYLINE,1.63,win,1.26,FAV,Friday,587,158.72,,,,,,,
,April,4/26/2025,MLB,Giants ML,2,MONEYLINE,1.72,lose,-2.00,FAV,Saturday,588,156.72,,,,,,,
,April,4/27/2025,NBA,Pistons ML,2,MONEYLINE,1.75,win,1.50,FAV,Sunday,589,158.22,,,,,,,
,April,4/28/2025,MLB,ASTROS ML,2,MONEYLINE,1.82,win,1.64,FAV,Monday,590,159.86,,,,,,,
,April,4/29/2025,MLB,Guardians ML,2,MONEYLINE,1.75,win,1.50,FAV,Tuesday,591,161.36,,,,,,,
,April,4/30/2025,MLB,Rays ml,2,MONEYLINE,1.62,lose,-2.00,FAV,Wednesday,592,159.36,,,,,,,
,May,5/1/2025,MLB,Tigers ML,2,MONEYLINE,1.66,win,1.31,FAV,Thursday,593,160.67,,,,,,,
,May,5/2/2025,MLB,Cubs vs Brewers Over 8.5,2,TOTAL,1.75,win,1.50,OVER,Friday,594,162.17,,,,,,,
,May,5/3/2025,SOCCER,Napoli ML,2,3-way ML,1.54,win,1.08,FAV,Saturday,595,163.25,,,,,,,
,May,5/3/2025,MLB,Diamondbacks ML,2,MONEYLINE,2.02,lose,-2.00,DOG,Saturday,596,161.25,,,,,,,
,May,5/4/2025,MLB,Orioles ML,2,MONEYLINE,1.69,lose,-2.00,FAV,Sunday,597,159.25,,,,,,,
,May,5/5/2025,MLB,Cubs ML,2,MONEYLINE,1.55,win,1.10,FAV,Monday,598,160.35,,,,,,,
,May,5/6/2025,MLB,Rangers ML,2,MONEYLINE,1.83,win,1.65,FAV,Tuesday,599,162.00,,,,,,,
,May,5/7/2025,MLB,Astros ML,2,MONEYLINE,1.76,win,1.52,FAV,Wednesday,600,163.52,,,,,,,
,May,5/8/2025,MLB,Dodgers ML,2,MONEYLINE,1.63,lose,-2.00,FAV,Thursday,601,161.52,,,,,,,
,May,5/9/2025,MLB,Marlins ML,2,MONEYLINE,1.72,lose,-2.00,FAV,Friday,602,159.52,,,,,,,
,May,5/9/2025,MLB,Orioles ML,2,MONEYLINE,1.74,win,1.47,FAV,Friday,603,160.99,,,,,,,
,May,5/10/2025,MLB,Nationals ML,2,MONEYLINE,1.96,lose,-2.00,DOG,Saturday,604,158.99,,,,,,,
,May,5/10/2025,MLB,Phillies ML,2,MONEYLINE,1.78,win,1.56,FAV,Saturday,605,160.55,,,,,,,
,May,5/10/2025,MLB,Mets ML,2,MONEYLINE,1.60,lose,-2.00,FAV,Saturday,606,158.55,,,,,,,
,May,5/11/2025,MLB,Astros ML,2,MONEYLINE,1.70,win,1.40,FAV,Sunday,607,159.95,,,,,,,
,May,5/11/2025,MLB,Mariners ML,2,MONEYLINE,1.59,lose,-2.00,FAV,Sunday,608,157.95,,,,,,,
,May,5/12/2025,MLB,Rangers -1.5,2,SPREAD,1.73,lose,-2.00,FAV,Monday,609,155.95,,,,,,,
,May,5/13/2025,SOCCER,Sevillia ML,2,3-way ML,1.67,win,1.34,FAV,Tuesday,610,157.29,,,,,,,
,May,5/13/2025,MLB,Giants ML,2,MONEYLINE,1.97,win,1.94,DOG,Tuesday,611,159.23,,,,,,,
,May,5/14/2025,MLB,Blue Jays ML,2,MONEYLINE,1.63,win,1.26,FAV,Wednesday,612,160.49,,,,,,,
,May,5/15/2025,MLB,Orioles F5 ML,2,F5 ML,1.70,lose,-2.00,FAV,Thursday,613,158.49,,,,,,,
,May,5/15/2025,MLB,Rangers ML,2,MONEYLINE,1.76,win,1.52,FAV,Thursday,614,160.01,,,,,,,
,May,5/16/2025,MLB,Red Sox ML,2,MONEYLINE,1.87,lose,-2.00,FAV,Friday,615,158.01,,,,,,,
,May,5/17/2025,SOCCER,Frankfurt +0.5,2,SPREAD,1.62,win,1.24,DOG,Saturday,616,159.25,,,,,,,
,May,5/17/2025,MLB,Cubs -1.5,2,SPREAD,1.67,win,1.34,FAV,Saturday,617,160.59,,,,,,,
,May,5/18/2025,MLB,DIAMONDBACKS -1.5 2U ,2,SPREAD,1.80,lose,-2.00,FAV,Sunday,618,158.59,,,,,,,
,May,5/19/2025,MLB,Cardinals ML,2,MONEYLINE,1.60,win,1.20,FAV,Monday,619,159.79,,,,,,,
,May,5/20/2025,MLB,Athletics -1,2,SPREAD,1.70,lose,-2.00,FAV,Tuesday,620,157.79,,,,,,,
,May,5/21/2025,SOCCER,MU ML,2,3-way ML,1.70,lose,-2.00,FAV,Wednesday,621,155.79,,,,,,,
,May,5/21/2025,MLB,Guardians ML,2,MONEYLINE,2.05,win,2.10,DOG,Wednesday,622,157.89,,,,,,,
,May,5/22/2025,MLB,Athletics ML,3,MONEYLINE,1.67,lose,-3.00,FAV,Thursday,623,154.89,,,,,,,
,May,5/23/2025,MLB,Astros ML,2,MONEYLINE,1.82,lose,-2.00,FAV,Friday,624,152.89,,,,,,,
,May,5/24/2025,MLB,Braves ML,2,MONEYLINE,1.67,win,1.34,FAV,Saturday,625,154.23,,,,,,,
,May,5/24/2025,MLB,Tigers ML,2,MONEYLINE,1.65,lose,-2.00,FAV,Saturday,626,152.23,,,,,,,
,May,5/25/2025,SOCCER,JUVENTUS ML,3,3-way ML,2.00,win,3.00,FAV,Sunday,627,155.23,,,,,,,
,May,5/26/2025,MLB,TwinS VS RAYS OVER 8.5 ,2,TOTAL,1.87,win,1.74,OVER,Monday,628,156.97,,,,,,,
,May,5/26/2025,MLB,PADRES ML ,2,MONEYLINE,1.65,win,1.30,FAV,Monday,629,158.27,,,,,,,
,May,5/27/2025,MLB,MARINERS ML,2,MONEYLINE,1.61,win,1.22,FAV,Tuesday,630,159.49,,,,,,,
,May,5/27/2025,MLB,Guardians +1.5,2.5,SPREAD,1.73,lose,-2.50,DOG,Tuesday,631,156.99,,,,,,,
,May,5/28/2025,MLB,Dbacks ML,2,MONEYLINE,1.74,lose,-2.00,FAV,Wednesday,632,154.99,,,,,,,
,May,5/29/2025,MLB,Rays Ml,2,MONEYLINE,1.98,win,1.96,DOG,Thursday,633,156.95,,,,,,,
,May,5/30/2025,MLB,Cubs ML,2,MONEYLINE,1.62,lose,-2.00,FAV,Friday,634,154.95,,,,,,,
,May,5/31/2025,MLB,Braves ML,2,MONEYLINE,1.58,lose,-2.00,FAV,Saturday,635,152.95,,,,,,,
,June,6/1/2025,MLB,Padres ML,2,MONEYLINE,1.68,win,1.35,FAV,Sunday,636,154.30,,,,,,,
,June,6/2/2025,MLB,Angels +1.5,2,SPREAD,1.62,win,1.23,FAV,Monday,637,155.53,,,,,,,
,June,6/3/2025,MLB,Phillies ML,2,MONEYLINE,1.75,win,1.49,FAV,Tuesday,638,157.02,,,,,,,
,June,6/4/2025,MLB,Mets +1.5,2,SPREAD,1.63,win,1.25,FAV,Wednesday,639,158.27,,,,,,,
,June,6/5/2025,MLB,Dodgers ML,2,MONEYLINE,1.75,win,1.50,FAV,Thursday,640,159.77,,,,,,,
,June,6/6/2025,MLB,Angels +1.5,2,SPREAD,1.67,win,1.34,FAV,Friday,641,161.11,,,,,,,
,June,6/7/2025,MLB,Brewers ML,2,MONEYLINE,1.77,win,1.53,FAV,Saturday,642,162.64,,,,,,,
,June,6/8/2025,MLB,Twins ML,2,MONEYLINE,1.54,win,1.08,FAV,Sunday,643,163.72,,,,,,,
,June,6/9/2025,MLB,Braves ML,2,MONEYLINE,1.60,win,1.19,FAV,Monday,644,164.91,,,,,,,
,June,6/10/2025,MLB,Cubs ML,2,MONEYLINE,1.85,win,1.70,FAV,Tuesday,645,166.61,,,,,,,
,June,6/11/2025,MLB,Cardinals ML,2,MONEYLINE,1.73,lose,-2.00,FAV,Wednesday,646,164.61,,,,,,,
,June,6/12/2025,MLB,Royals +1.5,2,SPREAD,1.67,win,1.34,FAV,Thursday,647,165.95,,,,,,,
,June,6/13/2025,MLB,Braves -1.5,2,SPREAD,1.59,win,1.18,FAV,Friday,648,167.13,,,,,,,
,June,6/14/2025,MLB,Angels +1.5,2,SPREAD,1.63,win,1.25,FAV,Saturday,649,168.38,,,,,,,
,June,6/15/2025,MLB,Mets ML,2,MONEYLINE,1.65,lose,-2.00,FAV,Sunday,650,166.38,,,,,,,
,June,6/16/2025,MLB,Nationals ML,2,MONEYLINE,1.63,lose,-2.00,FAV,Monday,651,164.38,,,,,,,
,June,6/17/2025,MLB,Mariners ML,2,MONEYLINE,1.67,win,1.34,FAV,Tuesday,652,165.72,,,,,,,
,June,6/18/2025,MLB,Phillies -1,2,SPREAD,1.62,win,1.23,FAV,Wednesday,653,166.95,,,,,,,
,June,6/19/2025,MLB,Giants ML,2,MONEYLINE,1.59,win,1.18,FAV,Thursday,654,168.13,,,,,,,
,June,6/20/2025,MLB,Rockies +2.5,2,SPREAD,1.67,lose,-2.00,FAV,Friday,655,166.13,,,,,,,
,June,6/21/2025,MLB,Twins ML,2,MONEYLINE,1.77,lose,-2.00,FAV,Saturday,656,164.13,,,,,,,
,June,6/22/2025,MLB,Pirates ML,2,MONEYLINE,1.83,win,1.66,FAV,Sunday,657,165.79,,,,,,,
,June,6/23/2025,MLB,Twins +1.5,2,SPREAD,1.60,lose,-2.00,DOG,Monday,658,163.79,,,,,,,
,June,6/24/2025,MLB,Pirates ML,2,MONEYLINE,2.00,win,2.00,DOG,Tuesday,659,165.79,,,,,,,
,June,6/25/2025,MLB,Phillies ML,2,MONEYLINE,1.65,lose,-2.00,FAV,Wednesday,660,163.79,,,,,,,
,June,6/26/2025,MLB,GUARDIANS ML,2,MONEYLINE,1.73,lose,-2.00,FAV,Thursday,661,161.79,,,,,,,
,June,6/27/2025,MLB,RED SOX ML,2,MONEYLINE,1.83,lose,-2.00,FAV,Friday,662,159.79,,,,,,,
,June,6/28/2025,MLB,Angels ML,2,MONEYLINE,1.87,win,1.74,FAV,Saturday,663,161.53,,,,,,,
,June,6/29/2025,MLB,Mets ML,2,MONEYLINE,1.70,lose,-2.00,FAV,Sunday,664,159.53,,,,,,,
,June,6/30/2025,MLB,Reds ML,2,MONEYLINE,2.00,win,2.00,DOG,Monday,665,161.53,,,,,,,
,July,7/1/2025,MLB,Royals ML,2,MONEYLINE,2.28,win,2.56,DOG,Tuesday,666,164.09,,,,,,,
,July,7/2/2025,MLB,Padres ML,2,MONEYLINE,1.83,win,1.66,FAV,Wednesday,667,165.75,,,,,,,
,July,7/3/2025,MLB,Marlins ML,2,MONEYLINE,1.93,win,1.86,ND,Thursday,668,167.61,,,,,,,
,July,7/4/2025,MLB,Yankees ML,5,MONEYLINE,1.95,lose,-5.00,DOG,Friday,669,162.61,,,,,,,
,July,7/5/2025,MLB,Rangers ML,2,MONEYLINE,1.72,lose,-2.00,FAV,Saturday,670,160.61,,,,,,,
,July,7/7/2025,MLB,Marlins +1.5,2,MONEYLINE,1.58,win,1.16,FAV,Monday,671,161.77,,,,,,,
,July,7/8/2025,MLB,Brewers ML,2,MONEYLINE,1.89,win,1.78,ND,Tuesday,672,163.55,,,,,,,
,July,7/9/2025,MLB,Astos ML,2,MONEYLINE,1.63,lose,-2.00,FAV,Wednesday,673,161.55,,,,,,,
,July,7/10/2025,MLB,Mariners ML,2,MONEYLINE,1.87,lose,-2.00,FAV,Thursday,674,159.55,,,,,,,
,July,7/11/2025,MLB,Royals +1.5,2,SPREAD,1.70,lose,-2.00,DOG,Friday,675,157.55,,,,,,,
,July,7/12/2025,MLB,Dodgers ML,2,MONEYLINE,1.63,win,1.26,FAV,Saturday,676,158.81,,,,,,,
,July,7/13/2025,MLB,Cardinals ML,3,MONEYLINE,1.63,win,1.88,FAV,Sunday,677,160.68,,,,,,,
,July,7/18/2025,MLB,Rangers ML,2,MONEYLINE,1.87,win,1.74,FAV,Friday,678,162.42,,,,,,,
,July,7/19/2025,MLB,Yankees ML,2,MONEYLINE,1.78,win,1.56,FAV,Saturday,679,163.98,,,,,,,
,July,7/20/2025,MLB,Braves ML,2,MONEYLINE,1.76,lose,-2.00,FAV,Sunday,680,161.98,,,,,,,
,July,7/20/2025,MLB,Mariners ML,2,MONEYLINE,1.69,lose,-2.00,FAV,Sunday,681,159.98,,,,,,,
,July,7/21/2025,MLB,Nationals +1.5,2,SPREAD,1.67,win,1.34,DOG,Monday,682,161.32,,,,,,,
,July,7/22/2025,MLB,Reds ML,2,MONEYLINE,1.70,lose,-2.00,FAV,Tuesday,683,159.32,,,,,,,
,July,7/23/2025,MLB,Pirates +1.5,2,SPREAD,1.73,win,1.46,DOG,Wednesday,684,160.78,,,,,,,
,July,7/24/2025,MLB,Athletics +1.5,2,SPREAD,1.55,win,1.10,DOG,Thursday,685,161.88,,,,,,,
,July,7/25/2025,MLB,Angels +1.5,2,SPREAD,1.67,win,1.34,DOG,Friday,686,163.22,,,,,,,
,July,7/26/2025,MLB,Braves ML,2,MONEYLINE,1.85,lose,-2.00,FAV,Saturday,687,161.22,,,,,,,
,July,7/28/2025,MLB,Tigers ML,2,MONEYLINE,1.73,win,1.46,FAV,Monday,688,162.68,,,,,,,
,July,7/28/2025,MLB,Rays ML,2,MONEYLINE,2.07,win,2.14,DOG,Monday,689,164.82,,,,,,,
,July,7/29/2025,MLB,Nationals Over 8,2,TOTAL,1.77,win,1.54,OVER,Tuesday,690,166.36,,,,,,,
,July,7/30/2025,MLB,Twins ML,2,MONEYLINE,1.82,lose,-2.00,FAV,Wednesday,691,164.36,,,,,,,
,July,7/30/2025,MLB,Reds +1.5,2,SPREAD,1.87,win,1.74,FAV,Wednesday,692,166.10,,,,,,,
,July,7/31/2025,MLB,Reds ML,2,MONEYLINE,1.63,lose,-2.00,FAV,Thursday,693,164.10,,,,,,,
,August,8/2/2025,MLB,Marlins ML,2,MONEYLINE,1.80,win,1.60,FAV,Saturday,694,165.70,,,,,,,
,August,8/2/2025,MLB,Dbacks o9,2,TOTAL,1.60,win,1.20,OVER,Saturday,695,166.90,,,,,,,
,August,8/3/2025,MLB,Marlins ML,2,MONEYLINE,1.95,win,1.90,DOG,Sunday,696,168.80,,,,,,,
,August,8/3/2025,MLB,Athletics ML,2,MONEYLINE,1.77,lose,-2.00,FAV,Sunday,697,166.80,,,,,,,
,August,8/4/2025,MLB,Pit +1.5,2,SPREAD,1.60,win,1.20,DOG,Monday,698,168.00,,,,,,,
,August,8/5/2025,MLB,guardians ml,2,MONEYLINE,1.66,win,1.32,FAV,Tuesday,699,169.32,,,,,,,
,August,8/6/2025,MLB,mets,2,MONEYLINE,1.55,lose,-2.00,FAV,Wednesday,700,167.32,,,,,,,
,August,8/6/2025,MLB,Athletics ML,2,MONEYLINE,1.71,lose,-2.00,FAV,Wednesday,701,165.32,,,,,,,
,August,8/7/2025,MLB,athletics ML,2,MONEYLINE,1.63,win,1.26,FAV,Thursday,702,166.58,,,,,,,
,August,8/8/2025,MLB,rays ml,2,MONEYLINE,2.10,lose,-2.00,DOG,Friday,703,164.58,,,,,,,
,August,8/9/2025,MLB,rangers ml,2,MONEYLINE,1.77,lose,-2.00,FAV,Saturday,704,162.58,,,,,,,
,August,8/9/2025,MLB,marlins o8,2,TOTAL,1.92,win,1.84,OVER,Saturday,705,164.42,,,,,,,
,August,8/10/2025,MLB,mets,2,MONEYLINE,1.92,lose,-2.00,DOG,Sunday,706,162.42,,,,,,,
,August,8/11/2025,MLB,dodgers,2,MONEYLINE,1.53,lose,-2.00,FAV,Monday,707,160.42,,,,,,,
,August,8/12/2025,MLB,red sox,2,MONEYLINE,1.85,win,1.70,FAV,Tuesday,708,162.12,,,,,,,
,August,8/13/2025,MLB,twins 1.5,2,SPREAD,1.55,win,1.10,DOG,Wednesday,709,163.22,,,,,,,
,August,8/14/2025,MLB,marlins,2,MONEYLINE,2.05,lose,-2.00,DOG,Thursday,710,161.22,,,,,,,
,August,8/15/2025,MLB,yankees,2,MONEYLINE,1.66,win,1.32,FAV,Friday,711,162.54,,,,,,,
,August,8/16/2025,MLB,twins,2,MONEYLINE,1.90,lose,-2.00,FAV,Saturday,712,160.54,,,,,,,
,August,8/16/2025,MLB,rays ml,2,MONEYLINE,1.90,win,1.80,DOG,Saturday,713,162.34,,,,,,,
,August,8/18/2025,MLB,angels 1.5,2,SPREAD,1.66,lose,-2.00,DOG,Monday,714,160.34,,,,,,,
,August,8/20/2025,MLB,brewers ml,2,MONEYLINE,1.80,lose,-2.00,FAV,Wednesday,715,158.34,,,,,,,
,August,8/22/2025,MLB,tigers,2,MONEYLINE,1.60,win,1.20,FAV,Friday,716,159.54,,,,,,,
,August,8/23/2025,MLB,reds,2,MONEYLINE,1.80,lose,-2.00,FAV,Saturday,717,157.54,,,,,,,
,August,8/23/2025,MLB,dodgers,2,MONEYLINE,1.80,lose,-2.00,FAV,Saturday,718,155.54,,,,,,,
,August,8/24/2025,MLB,marlins,2,SPREAD,1.70,win,1.40,DOG,Sunday,719,156.94,,,,,,,
,August,8/25/2025,MLB,padres o8,2,TOTAL,1.60,win,1.20,OVER,Monday,720,158.14,,,,,,,
,August,8/26/2025,MLB,pit ml,2,MONEYLINE,1.70,win,1.40,FAV,Tuesday,721,159.54,,,,,,,
,August,8/27/2025,MLB,mariners,2,MONEYLINE,2.00,win,2.00,DOG,Wednesday,722,161.54,,,,,,,
,August,8/28/2025,MLB,dbacks 1.5,2,SPREAD,1.60,win,1.20,DOG,Thursday,723,162.74,,,,,,,
,August,8/29/2025,MLB,doddgers -1.5,2,SPREAD,1.60,lose,-2.00,FAV,Friday,724,160.74,,,,,,,
,August,8/30/2025,MLB,red sox,2,MONEYLINE,1.85,lose,-2.00,FAV,Saturday,725,158.74,,,,,,,
,August,8/30/2025,MLB,twins 1.5,2,SPREAD,1.55,lose,-2.00,DOG,Saturday,726,156.74,,,,,,,
,August,8/31/2025,MLB,orioles 1.5,2,SPREAD,1.85,lose,-2.00,DOG,Sunday,727,154.74,,,,,,,
,September,9/1/2025,MLB,dbacks ,2,MONEYLINE,1.70,lose,-2.00,FAV,Monday,728,152.74,,,,,,,
,September,9/2/2025,MLB,blue jays ml,2,MONEYLINE,1.80,lose,-2.00,FAV,Tuesday,729,150.74,,,,,,,
,September,9/3/2025,MLB,royals,2,MONEYLINE,1.60,lose,-2.00,FAV,Wednesday,730,148.74,,,,,,,
,September,9/4/2025,MLB,yankees,2,MONEYLINE,1.70,win,1.40,FAV,Thursday,731,150.14,,,,,,,
,September,9/5/2025,MLB,guardians 1.5,2,SPREAD,1.55,win,1.10,DOG,Friday,732,151.24,,,,,,,
,September,9/6/2025,MLB,twins ,2,MONEYLINE,1.80,lose,-2.00,FAV,Saturday,733,149.24,,,,,,,
,September,9/7/2025,MLB,dodgers,2,MONEYLINE,1.56,win,1.12,FAV,Sunday,734,150.36,,,,,,,
,September,9/7/2025,NFL,falcons 5.5,2,SPREAD,1.75,lose,-2.00,DOG,Sunday,735,148.36,,,,,,,
,September,9/7/2025,MLB,red sox,2,MONEYLINE,2.35,win,2.70,DOG,Sunday,736,151.06,,,,,,,
,September,9/8/2025,MLB,marlins,2,MONEYLINE,1.80,lose,-2.00,FAV,Monday,737,149.06,,,,,,,
,September,9/8/2025,MLB,padres,2,MONEYLINE,1.70,win,1.40,FAV,Monday,738,150.46,,,,,,,
,September,9/9/2025,MLB,marlins,2,MONEYLINE,1.80,lose,-2.00,FAV,Tuesday,739,148.46,,,,,,,
,September,9/9/2025,MLB,reds 1.5,2,SPREAD,1.70,win,1.40,DOG,Tuesday,740,149.86,,,,,,,
,September,9/10/2025,MLB,brewers ml,2,MONEYLINE,1.75,lose,-2.00,FAV,Wednesday,741,147.86,,,,,,,
,September,9/11/2025,MLB,pit ml,2,MONEYLINE,2.05,lose,-2.00,DOG,Thursday,742,145.86,,,,,,,
,September,9/12/2025,MLB,red  sox ml,2,MONEYLINE,1.95,lose,-2.00,DOG,Friday,743,143.86,,,,,,,
,September,9/12/2025,MLB,athletics ML,2,MONEYLINE,1.80,win,1.60,FAV,Friday,744,145.46,,,,,,,
,September,9/13/2025,MLB,red sox +1.5,2,SPREAD,1.77,lose,-2.00,FAV,Saturday,745,143.46,,,,,,,
,September,9/13/2025,MLB,pit ml,2,MONEYLINE,1.85,win,1.70,FAV,Saturday,746,145.16,,,,,,,
,September,9/13/2025,MLB,reds ml,2,MONEYLINE,1.80,lose,-2.00,FAV,Saturday,747,143.16,,,,,,,
,September,9/14/2025,MLB,red  sox ml,2,MONEYLINE,1.65,win,1.30,FAV,Sunday,748,144.46,,,,,,,
,September,9/15/2025,MLB,astros ml,2,MONEYLINE,1.74,win,1.48,FAV,Monday,749,145.94,,,,,,,
,September,9/16/2025,MLB,yankees ov 8.5,2,TOTAL,1.91,win,1.82,OVER,Tuesday,750,147.76,,,,,,,
,September,9/17/2025,MLB,whitet sox + 1.5,2,SPREAD,1.62,lose,-2.00,DOG,Wednesday,751,145.76,,,,,,,
,September,9/17/2025,MLB,rangers ml,2,MONEYLINE,1.74,lose,-2.00,FAV,Wednesday,752,143.76,,,,,,,
,September,9/18/2025,MLB,reds ml,2,MONEYLINE,1.67,win,1.34,FAV,Thursday,753,145.10,,,,,,,
,September,9/19/2025,MLB,rockies +1.5,2,SPREAD,1.70,win,1.40,DOG,Friday,754,146.50,,,,,,,
,September,9/20/2025,MLB,guardians ml,2,MONEYLINE,1.89,win,1.78,ND,Saturday,755,148.28,,,,,,,
,September,9/21/2025,NFL,titans +7,2,SPREAD,1.70,lose,-2.00,DOG,Sunday,756,146.28,,,,,,,
,September,9/21/2025,NFL,cardinals +2.5,2,SPREAD,1.77,win,1.54,DOG,Sunday,757,147.82,,,,,,,
,September,9/21/2025,MLB,rays +1.5,2,SPREAD,1.63,win,1.25,DOG,Sunday,758,149.07,,,,,,,
,September,9/22/2025,MLB,cardinals +1.5,2,SPREAD,1.62,win,1.23,DOG,Monday,759,150.30,,,,,,,
,September,9/23/2025,MLB,marlins +1.5,2,SPREAD,1.83,win,1.66,DOG,Tuesday,760,151.96,,,,,,,
,September,9/24/2025,MLB,athletics +1.5,2,SPREAD,1.67,win,1.34,DOG,Wednesday,761,153.30,,,,,,,
,September,9/25/2025,MLB,mets ml,2,MONEYLINE,1.83,win,1.66,FAV,Thursday,762,154.96,,,,,,,
,September,9/26/2025,MLB,mariners ml,2,MONEYLINE,1.67,lose,-2.00,FAV,Friday,763,152.96,,,,,,,
,September,9/27/2025,MLB,tigers ml,2,MONEYLINE,2.00,win,2.00,DOG,Saturday,764,154.96,,,,,,,
,September,9/28/2025,NFL,falcons ml,2,MONEYLINE,1.62,win,1.23,FAV,Sunday,765,156.19,,,,,,,
,September,9/29/2025,NFL,broncos -6,2,SPREAD,1.62,win,1.23,FAV,Monday,766,157.42,,,,,,,
,September,9/30/2025,SOCCER,ATM farncfurt BTTS,2,BTTS,1.62,win,1.23,ND,Tuesday,767,158.65,,,,,,,
,October,10/1/2025,MLB,RED SOX +1.5 2U,2,SPREAD,1.62,win,1.23,DOG,Wednesday,768,159.88,,,,,,,
,October,10/2/2025,MLB,Red Sox vs Yankees Over 7 2U ,2,TOTAL,1.91,lose,-2.00,OVER,Thursday,769,157.88,,,,,,,
,October,10/3/2025,SOCCER,NECAXA VS CF PACHUCA Over 2.5 -150,2,TOTAL,1.67,lose,-2.00,OVER,Friday,770,155.88,,,,,,,
,October,10/4/2025,MLB,BREWERS ML 2U,2,MONEYLINE,1.67,win,1.34,FAV,Saturday,771,157.22,,,,,,,
,October,10/5/2025,MLB,mariners ml,2,MONEYLINE,2.30,win,2.60,DOG,Sunday,772,159.82,,,,,,,
,October,10/6/2025,MLB,CUBS ML +116 2U,2,MONEYLINE,2.16,lose,-2.00,DOG,Monday,773,157.82,,,,,,,
,October,10/7/2025,MLB,TIGERS +1.5 -150 2U,2,SPREAD,1.67,lose,-2.00,DOG,Tuesday,774,155.82,,,,,,,
,October,10/8/2025,MLB,tigers ml,2,MONEYLINE,1.93,win,1.86,ND,Wednesday,775,157.68,,,,,,,
,October,10/9/2025,MLB,CUBS ML,2,MONEYLINE,1.95,win,1.90,DOG,Thursday,776,159.58,,,,,,,
,October,10/11/2025,MLB,BREWERS ML —139 2U ,2,MONEYLINE,1.73,win,1.46,FAV,Saturday,777,161.04,,,,,,,
,October,10/12/2025,NFL,49ers +4.5 2U ,2,SPREAD,1.75,lose,-2.00,DOG,Sunday,778,159.04,,,,,,,
,October,10/12/2025,MLB,BLUE JAYS ML 2U -170,2,MONEYLINE,1.60,lose,-2.00,FAV,Sunday,779,157.04,,,,,,,
,October,10/13/2025,MLB,BLUE JAYS ML -123 2U,2,MONEYLINE,1.80,lose,-2.00,FAV,Monday,780,155.04,,,,,,,
,October,10/14/2025,MLB,BREWERS ML 2U +100,2,MONEYLINE,2.00,lose,-2.00,DOG,Tuesday,781,153.04,,,,,,,
,October,10/15/2025,MLB,BLUE JAYS ML 2U +111 ,2,MONEYLINE,2.11,win,2.22,DOG,Wednesday,782,155.26,,,,,,,
,October,10/16/2025,MLB,MARINERS ML -130 2U ,2,MONEYLINE,1.77,lose,-2.00,FAV,Thursday,783,153.26,,,,,,,
,October,10/17/2025,NCAAF,WEST VIRGINIA +7 2U,2,SPREAD,1.75,lose,-2.00,DOG,Friday,784,151.26,,,,,,,
,October,10/18/2025,NFL,SAINTS +4.5 2U,2,SPREAD,1.75,lose,-2.00,DOG,Saturday,785,149.26,,,,,,,
,October,10/20/2025,MLB,MARINERS +1.5,2,SPREAD,1.60,win,1.20,DOG,Monday,786,150.46,,,,,,,
,October,10/21/2025,NBA,ROCKETS +7.5 -135 2U,2,SPREAD,1.75,win,1.50,DOG,Tuesday,787,151.96,,,,,,,
,October,10/22/2025,NBA,PELICANS +5.5,2,SPREAD,1.70,lose,-2.00,DOG,Wednesday,788,149.96,,,,,,,
,October,10/23/2025,NBA,NUGGETS +3.5 2U,2,SPREAD,1.70,lose,-2.00,DOG,Thursday,789,147.96,,,,,,,
,October,10/24/2025,NBA,RAPTORS ML 2U ,2,MONEYLINE,1.77,lose,-2.00,FAV,Friday,790,145.96,,,,,,,
,October,10/25/2025,MLB,Dodgers ML,2,MONEYLINE,1.71,win,1.42,FAV,Saturday,791,147.38,,,,,,,
,October,10/26/2025,MLB,Wizards ML,2,MONEYLINE,1.80,lose,-2.00,FAV,Sunday,792,145.38,,,,,,,
,October,10/27/2025,MLB,Blazers ML,2,MONEYLINE,1.65,win,1.30,FAV,Monday,793,146.68,,,,,,,
,October,10/28/2025,NBA,Kings +10,2,SPREAD,1.70,win,1.40,DOG,Tuesday,794,148.08,,,,,,,
,October,10/29/2025,NBA,Lakers +8.5,2,SPREAD,1.70,win,1.40,DOG,Wednesday,795,149.48,,,,,,,
,October,10/30/2025,NBA,SPURS -3.5,2,SPREAD,1.70,win,1.40,FAV,Thursday,796,150.88,,,,,,,
,October,10/31/2025,NBA,BULLS +6.5,2,SPREAD,1.70,win,1.40,DOG,Friday,797,152.28,,,,,,,
,November,11/1/2025,NBA,ROCKETS -4.5,2,SPREAD,1.70,win,1.40,FAV,Saturday,798,153.68,,,,,,,
,November,11/2/2025,NFL,Giants +3.5,2,SPREAD,1.80,lose,-2.00,DOG,Sunday,799,151.68,,,,,,,
,November,11/2/2025,NBA,GRIZZLIES +5.5,2,SPREAD,1.80,lose,-2.00,DOG,Sunday,800,149.68,,,,,,,
,November,11/3/2025,NBA,GRIZZLIES +5,2,SPREAD,1.80,lose,-2.00,DOG,Monday,801,147.68,,,,,,,
,November,11/4/2025,NBA,PELICANS ML,2,MONEYLINE,1.67,win,1.34,FAV,Tuesday,802,149.02,,,,,,,
,November,11/5/2025,NBA,Warriors +4,2,SPREAD,1.80,lose,-2.00,DOG,Wednesday,803,147.02,,,,,,,
,November,11/6/2025,NBA,SUNS ML,2,MONEYLINE,1.71,win,1.42,FAV,Thursday,804,148.44,,,,,,,
,November,11/7/2025,NBA,Hawks ML,2,MONEYLINE,1.74,lose,-2.00,FAV,Friday,805,146.44,,,,,,,
,November,11/8/2025,NBA,Pacers +11,2,SPREAD,1.80,lose,-2.00,DOG,Saturday,806,144.44,,,,,,,
,November,11/9/2025,NFL,Texans ML,2,MONEYLINE,1.87,win,1.74,FAV,Sunday,807,146.18,,,,,,,
,November,11/9/2025,NBA,Bucks +5,2,SPREAD,1.80,lose,-2.00,DOG,Sunday,808,144.18,,,,,,,
,November,11/10/2025,NBA,SPURS -3.5,2,SPREAD,1.80,win,1.60,FAV,Monday,809,145.78,,,,,,,
,November,11/11/2025,NBA,PACERS ML,2,MONEYLINE,1.71,lose,-2.00,FAV,Tuesday,810,143.78,,,,,,,
,November,11/12/2025,NBA,Warriors +5,2,SPREAD,1.80,win,1.60,DOG,Wednesday,811,145.38,,,,,,,
,November,11/13/2025,NBA,Pacers +4.5,2,SPREAD,1.80,lose,-2.00,DOG,Thursday,812,143.38,,,,,,,
,November,11/14/2025,NBA,76ers +2.5,2,SPREAD,1.80,lose,-2.00,DOG,Friday,813,141.38,,,,,,,
,November,11/15/2025,NBA,Timberwolves +2.5,2,SPREAD,1.80,lose,-2.00,DOG,Saturday,814,139.38,,,,,,,
,November,11/17/2025,NBA,Heat ML,2,MONEYLINE,1.83,win,1.66,FAV,Monday,815,141.04,,,,,,,
,November,11/18/2025,NBA,GRIZZ +7.5,2,SPREAD,1.87,lose,-2.00,DOG,Tuesday,816,139.04,,,,,,,
,November,11/19/2025,NBA,Raptors ML,2,MONEYLINE,1.74,win,1.48,FAV,Wednesday,817,140.52,,,,,,,
,November,11/20/2025,NBA,Hawks +2.5,2,SPREAD,1.80,lose,-2.00,DOG,Thursday,818,138.52,,,,,,,
,November,11/21/2025,NBA,Blazers +10.5,2,SPREAD,1.80,win,1.60,DOG,Friday,819,140.12,,,,,,,
,November,11/22/2025,NBA,MAVS ML,2,MONEYLINE,1.87,lose,-2.00,FAV,Saturday,820,138.12,,,,,,,
,November,11/23/2025,NBA,Celtics -3,2,SPREAD,1.83,win,1.66,FAV,Sunday,821,139.78,,,,,,,
,November,11/24/2025,NBA,BLAZERS +2.5,2,SPREAD,1.83,win,1.66,DOG,Monday,822,141.44,,,,,,,
,November,11/25/2025,NBA,Magic -2.5,2,SPREAD,1.83,win,1.66,FAV,Tuesday,823,143.10,,,,,,,
,November,11/26/2025,NBA,Hornets +8,2,SPREAD,1.83,lose,-2.00,DOG,Wednesday,824,141.10,,,,,,,
,November,11/26/2025,NBA,Warriors ml,2,MONEYLINE,1.67,lose,-2.00,FAV,Wednesday,825,139.10,,,,,,,
,November,11/28/2025,NBA,Magic +5,2,SPREAD,1.83,win,1.66,DOG,Friday,826,140.76,,,,,,,
,November,11/29/2025,NBA,Nuggets ML,2,MONEYLINE,1.59,win,1.18,FAV,Saturday,827,141.94,,,,,,,
,November,11/30/2025,NBA,Timberwolves ML,2,MONEYLINE,1.53,win,1.06,FAV,Sunday,828,143.00,,,,,,,
,December,12/1/2025,NBA,Pacers +6,2,SPREAD,1.83,lose,-2.00,DOG,Monday,829,141.00,,,,,,,
,December,12/2/2025,NBA,Celtics +3.5,2,SPREAD,1.77,win,1.54,DOG,Tuesday,830,142.54,,,,,,,
,December,12/3/2025,NBA,Bucks +6,2,SPREAD,1.83,win,1.66,DOG,Wednesday,831,144.20,,,,,,,
,December,12/4/2025,NBA,76ers ML,2,MONEYLINE,1.55,win,1.10,FAV,Thursday,832,145.30,,,,,,,
,December,12/5/2025,NBA,Lakers +10,2,SPREAD,1.83,lose,-2.00,DOG,Friday,833,143.30,,,,,,,
,December,12/5/2025,NBA,Bucks +2.5,2,SPREAD,1.83,lose,-2.00,DOG,Friday,834,141.30,,,,,,,
,December,12/6/2025,NCAAB,Tennessee ML,2,MONEYLINE,1.77,lose,-2.00,FAV,Saturday,835,139.30,,,,,,,
,December,12/7/2025,NFL,VIKINGS +1.5,2,SPREAD,1.83,win,1.66,DOG,Sunday,836,140.96,,,,,,,
,December,12/7/2025,NBA,Raptors +4.5,2,SPREAD,1.83,lose,-2.00,DOG,Sunday,836,138.96,,,,,,,
,December,12/7/2025,NBA,Grizzlies ML,2,MONEYLINE,1.77,win,1.54,FAV,Sunday,837,140.50,,,,,,,
,December,12/8/2025,NBA,Pacers ML,2,MONEYLINE,1.61,win,1.22,FAV,Monday,838,141.72,,,,,,,
,December,12/10/2025,NBA,Spurs +8,2,SPREAD,1.83,win,1.66,DOG,Wednesday,839,143.38,,,,,,,
,December,12/11/2025,NBA,Blazers ML,2,MONEYLINE,1.59,lose,-2.00,FAV,Thursday,840,141.38,,,,,,,
,December,12/12/2025,NBA,Jazz +8,2,SPREAD,1.83,win,1.66,DOG,Friday,841,143.04,,,,,,,
,December,12/13/2025,NBA,MAGIC +6 🌟🔥,2,SPREAD,1.83,lose,-2.00,DOG,Saturday,842,141.04,,,,,,,
,December,12/14/2025,NBA,SUNS ML 🌟🔥,2,MONEYLINE,1.83,lose,-2.00,FAV,Sunday,843,139.04,,,,,,,
,December,12/15/2025,NBA,Raptors +6,2,SPREAD,1.83,win,1.66,DOG,Monday,844,140.70,,,,,,,
,December,12/16/2025,NBA,Knicks ML,2,MONEYLINE,1.77,win,1.54,FAV,Tuesday,845,142.24,,,,,,,
,December,12/17/2025,NBA,Grizzlies +7.5,2,SPREAD,1.83,win,1.66,DOG,Wednesday,846,143.90,,,,,,,
,December,12/18/2025,NBA,Pacers +5,2,SPREAD,1.83,win,1.66,DOG,Thursday,847,145.56,,,,,,,
,December,12/19/2025,NBA,Hawks +4.5,2,SPREAD,1.81,lose,-2.00,DOG,Friday,848,143.56,,,,,,,
,December,12/20/2025,NBA,Nuggets +2.5,2,SPREAD,1.81,lose,-2.00,DOG,Saturday,849,141.56,,,,,,,
,December,12/20/2025,NBA,Lakers ML,2,MONEYLINE,1.80,lose,-2.00,FAV,Saturday,850,139.56,,,,,,,
,December,12/21/2025,NBA,Nets +5,2,SPREAD,1.80,win,1.60,DOG,Sunday,851,141.16,,,,,,,
,December,12/22/2025,NBA,Mavericks ML,2,MONEYLINE,1.87,lose,-2.00,FAV,Monday,852,139.16,,,,,,,
,December,12/23/2025,NBA,Hawks ML -150,2,MONEYLINE,1.67,lose,-2.00,FAV,Tuesday,853,137.16,,,,,,,
,December,12/25/2025,NBA,MAVS +9.5 🌟🔥,2,SPREAD,1.83,lose,-2.00,DOG,Thursday,854,135.16,,,,,,,
,December,12/25/2025,NBA,ROCKETS ML 🌟,2,MONEYLINE,1.71,win,1.42,FAV,Thursday,855,136.58,,,,,,,
,December,12/26/2025,NBA,76ers ML 🌟🔥,2,MONEYLINE,1.80,lose,-2.00,FAV,Friday,856,134.58,,,,,,,
,December,12/27/2025,NBA,MAGIC +5 ,2,SPREAD,1.80,win,1.60,DOG,Saturday,857,136.18,,,,,,,
,December,12/28/2025,NFL,Browns +6.5,2,SPREAD,1.80,win,1.60,DOG,Sunday,858,137.78,,,,,,,
,December,12/28/2025,NBA,BLAZERS +8.5 ,2,SPREAD,1.80,win,1.60,DOG,Sunday,859,139.38,,,,,,,
,December,12/28/2025,NBA,PISTONS ML 🌟🔥,2,MONEYLINE,1.63,lose,-2.00,FAV,Sunday,860,137.38,,,,,,,
,December,12/29/2025,NBA,PELICANS +9.5 🌟🔥,2,SPREAD,1.80,win,1.60,DOG,Monday,861,138.98,,,,,,,
,December,12/30/2025,NBA,LAKERS +4.5 🌟🔥,2,SPREAD,1.80,lose,-2.00,DOG,Tuesday,862,136.98,,,,,,,
,December,12/31/2025,NBA,PELICANS +3.5 🌟🔐,2,SPREAD,1.80,lose,-2.00,DOG,Wednesday,863,134.98,,,,,,,
,January,1/1/2026,NBA,Mavericks +4 🌟,2,SPREAD,1.80,lose,-2.00,DOG,Thursday,864,132.98,,,,,,,
,January,1/2/2026,NBA,BULLS +6.5,2,SPREAD,1.80,win,1.60,DOG,Friday,865,134.58,,,,,,,
,January,1/3/2026,NCAAB,UCF +5.5,2,SPREAD,1.80,win,1.60,DOG,Saturday,866,136.18,,,,,,,
,January,1/3/2026,NBA,KNICKS ML ,2,MONEYLINE,1.59,lose,-2.00,FAV,Saturday,867,134.18,,,,,,,
,January,1/3/2026,NBA,JAZZ +12 ,2,SPREAD,1.80,win,1.60,DOG,Saturday,868,135.78,,,,,,,
,January,1/3/2026,NBA,CLIPPERS ML ,2,MONEYLINE,1.83,lose,-2.00,FAV,Saturday,869,133.78,,,,,,,
,January,1/4/2026,NBA,NUGGETS ML,2,MONEYLINE,1.67,lose,-2.00,FAV,Sunday,870,131.78,,,,,,,
,January,1/4/2026,NBA,KINGS +6.5,2,SPREAD,1.83,lose,-2.00,DOG,Sunday,871,129.78,,,,,,,
,January,1/5/2026,NBA,WARRIORS ML ,2,MONEYLINE,1.67,lose,-2.00,FAV,Monday,872,127.78,,,,,,,
,January,1/6/2026,NBA,Kings +6,2,SPREAD,1.83,win,1.66,DOG,Tuesday,873,129.44,,,,,,,
,January,1/7/2026,NBA,Rockets -6.5,2,SPREAD,1.80,lose,-2.00,FAV,Wednesday,874,127.44,,,,,,,
,January,1/9/2026,NBA,Hawks ML ,2,MONEYLINE,1.67,win,1.34,FAV,Friday,875,128.78,,,,,,,
,January,1/10/2026,NCAAB,Notre Dame +4.5 ,2,SPREAD,1.80,lose,-2.00,DOG,Saturday,876,126.78,,,,,,,
,January,1/11/2026,NBA,TWOLVES ML  ,2,MONEYLINE,1.73,win,1.46,FAV,Sunday,877,128.24,,,,,,,
,January,1/12/2026,NBA,76ERS ML ✅✅✅,2,MONEYLINE,1.65,win,1.30,FAV,Monday,878,129.54,,,,,,,
,January,1/13/2026,NBA,🏆 Nuggets ML  ,2,MONEYLINE,1.71,win,1.42,FAV,Tuesday,879,130.96,,,,,,,
,January,1/14/2026,NBA,Pacers ML,2,MONEYLINE,1.83,lose,-2.00,FAV,Wednesday,880,128.96,,,,,,,
,January,1/15/2026,NBA,CELTICS ML,2,SPREAD,1.72,win,1.44,FAV,Thursday,881,130.40,,,,,,,
,January,1/16/2026,NBA,🏆 ROCKETS ML,2,MONEYLINE,1.63,win,1.26,FAV,Friday,882,131.66,,,,,,,
,January,1/17/2026,NCAAB,🏆 GEORGIA ML,2,MONEYLINE,1.67,win,1.34,FAV,Saturday,883,133.00,,,,,,,
,January,1/17/2026,NBA,🏆 JAZZ +4.5,2,SPREAD,1.83,lose,-2.00,DOG,Saturday,884,131.00,,,,,,,
,January,1/17/2026,NBA,🏆 SUNS +3.5 -150,2,SPREAD,1.67,win,1.34,DOG,Saturday,885,132.34,,,,,,,
,January,1/18/2026,NFL,Bears +6,2,SPREAD,1.67,win,1.34,DOG,Sunday,886,133.68,,,,,,,
,January,1/19/2026,NBA,🏆 HEAT +5.5 ,2,SPREAD,1.83,lose,-2.00,DOG,Monday,887,131.68,,,,,,,
,January,1/20/2026,NCAAB,🏆 MISSOURI ML,2,MONEYLINE,1.83,lose,-2.00,FAV,Tuesday,888,129.68,,,,,,,
,January,1/20/2026,NBA,🏆 LAKERS ML,2,MONEYLINE,1.63,win,1.25,FAV,Tuesday,889,130.93,,,,,,,
,January,1/21/2026,NBA,🏆 HAWKS +2.5,2,SPREAD,1.83,win,1.66,DOG,Wednesday,890,132.59,,,,,,,
,January,1/22/2026,NBA,🏆 BLAZERS ML,2,MONEYLINE,1.67,win,1.34,FAV,Thursday,891,133.93,,,,,,,
,January,1/23/2026,NBA,Raptors ML,2,MONEYLINE,1.63,win,1.26,FAV,Friday,892,135.19,,,,,,,
,January,1/24/2026,NCAAB,Colorado ML (-175),2,MONEYLINE,1.53,lose,-2.00,FAV,Saturday,893,133.19,,,,,,,
,January,1/24/2026,NBA,Magic ML,2,MONEYLINE,1.87,lose,-2.00,FAV,Saturday,894,131.19,,,,,,,
,January,1/24/2026,NBA,Bulls +5,2,SPREAD,1.83,win,1.66,DOG,Saturday,895,132.85,,,,,,,
,January,1/25/2026,VARIOUS,PATS | WASHINGTON CBB ML PARLAY,5,PARLAY,1.91,win,4.55,PARLAY,Sunday,896,137.40,,,,,,,
,January,1/26/2026,NBA,🏆 WOLVES -7.5,2,SPREAD,1.83,win,1.66,FAV,Monday,897,139.06,,,,,,,
,January,1/27/2026,NBA,🏆 NETS +9.5,2,SPREAD,1.83,win,1.66,DOG,Tuesday,898,140.72,,,,,,,
,January,1/28/2026,NCAAB,UCLA -2.5,2,SPREAD,1.72,win,1.44,FAV,Wednesday,899,142.16,,,,,,,
,January,1/29/2026,NBA,SUNS +5 -145,2,SPREAD,1.70,win,1.40,DOG,Thursday,900,143.56,,,,,,,
,January,1/30/2026,NBA,RAPTORS +4.5 -160,2,SPREAD,1.63,lose,-2.00,DOG,Friday,901,141.56,,,,,,,
,January,1/31/2026,NCAAB,Texas ML -120,2,MONEYLINE,1.83,win,1.66,FAV,Saturday,902,143.22,,,,,,,
,January,1/31/2026,NBA,Bulls +7 -135,2,SPREAD,1.75,win,1.50,DOG,Saturday,903,144.72,,,,,,,
,February,2/1/2026,NBA,Clippers +4.5 -145,2,SPREAD,1.70,win,1.40,DOG,Sunday,904,146.12,,,,,,,
,February,2/2/2026,NBA,Pacers +8 -145,2,SPREAD,1.70,win,1.40,DOG,Monday,905,147.52,,,,,,,
,February,2/3/2026,NBA,Jazz ML -140,2,SPREAD,1.73,win,1.46,DOG,Tuesday,906,148.98,,,,,,,
,February,2/4/2026,NBA,Bucks +6.5 -160,2,SPREAD,1.63,win,1.25,DOG,Wednesday,907,150.23,,,,,,,
,February,2/5/2026,NBA,Lakers ML -135,2,MONEYLINE,1.75,win,1.50,FAV,Thursday,908,151.73,,,,,,,
,February,2/6/2026,NBA,Blazers -6.5,2,SPREAD,1.75,win,1.50,FAV,Friday,909,153.23,,,,,,,
,February,2/7/2026,NBA,Nets -5.5 -160,2,SPREAD,1.63,win,1.25,FAV,Saturday,910,154.48,,,,,,,
,February,2/7/2026,NBA,76ers +3.5 -145,2,SPREAD,1.70,win,1.40,DOG,Saturday,911,155.88,,,,,,,
,February,2/8/2026,SOCCER,PSG / Marseille both teams to score -180 ❌ ,2,BTTS,1.55,lose,-2.00,ND,Sunday,912,153.88,,,,,,,
,February,2/8/2026,NFL,Patriots +6.5,2,SPREAD,1.70,lose,-2.00,DOG,Sunday,913,151.88,,,,,,,
,February,2/9/2026,NBA,BULLS -2,2,SPREAD,1.75,lose,-2.00,FAV,Monday,914,149.88,,,,,,,
,February,2/9/2026,NBA,Blazers ML,2,MONEYLINE,1.66,win,1.32,FAV,Monday,915,151.20,,,,,,,
,February,2/10/2026,NCAAB,Auburn ML -165,2,MONEYLINE,1.61,lose,-2.00,FAV,Tuesday,916,149.20,,,,,,,
,February,2/10/2026,NBA,SPURS -12 🔨,2,SPREAD,1.69,win,1.38,FAV,Tuesday,917,150.58,,,,,,,
,February,2/11/2026,NBA,HAWKS +3.5 -135,2,SPREAD,1.75,win,1.50,DOG,Wednesday,918,152.08,,,,,,,
,February,2/12/2026,NBA,Lakers -4.5 -150,2,SPREAD,1.67,win,1.34,FAV,Thursday,919,153.42,,,,,,,
,February,2/13/2026,NCAAB,MANHATTAN ML,2,MONEYLINE,1.67,win,1.34,FAV,Friday,920,154.76,,,,,,,
,February,2/14/2026,NCAAB,Virginia -2.5 -170,2,SPREAD,1.60,win,1.20,FAV,Saturday,921,155.96,,,,,,,
,February,2/15/2026,NCAAB,Campbell ML -140,2,MONEYLINE,1.73,lose,-2.00,FAV,Sunday,922,153.96,,,,,,,
,February,2/16/2026,NCAAB,Drexel +4.5 -150,2,SPREAD,1.67,win,1.34,DOG,Monday,923,155.30,,,,,,,
,February,2/17/2026,NCAAB,GEORGIA +8 -135,2,SPREAD,1.75,win,1.50,DOG,Tuesday,924,156.80,,,,,,,
,February,2/18/2026,NCAAB,Auburn -3.5 -165,2,SPREAD,1.62,lose,-2.00,FAV,Wednesday,925,154.80,,,,,,,
,February,2/19/2026,NBA,ROCKETS ML -175 | 3U RISK,3,MONEYLINE,1.54,win,1.62,FAV,Thursday,926,156.42,,,,,,,
,February,2/20/2026,NBA,Pelicans -2.5 -150,2,SPREAD,1.67,lose,-2.00,FAV,Friday,927,154.42,,,,,,,
,February,2/21/2026,SOCCER,Leeds vs Aston Villa BTTS - YES (-150) ,2,BTTS,1.67,win,1.34,ND,Saturday,928,155.76,,,,,,,
,February,2/21/2026,NCAAB,Georgia ML -160,2,MONEYLINE,1.62,win,1.23,FAV,Saturday,929,156.99,,,,,,,
,February,2/21/2026,NCAAB,Auburn -2 -150,2,SPREAD,1.67,lose,-2.00,FAV,Saturday,930,154.99,,,,,,,
,February,2/22/2026,NBA,Mavericks ML -110 ✅,2,MONEYLINE,1.91,win,1.82,ND,Sunday,931,156.81,,,,,,,
,February,2/22/2026,NBA,Blazers ML -150,2,MONEYLINE,1.67,win,1.34,FAV,Sunday,932,158.15,,,,,,,
,February,2/23/2026,NCAAB,Louisville -1.5 -150,2,SPREAD,1.67,lose,-2.00,FAV,Monday,933,156.15,,,,,,,
,February,2/24/2026,SOCCER,Atletico Madrid / Brugge both to score -150,2,BTTS,1.67,win,1.34,ND,Tuesday,934,157.49,,,,,,,
,February,2/24/2026,NBA,Raptors ML -140,2,MONEYLINE,1.73,lose,-2.00,FAV,Tuesday,935,155.49,,,,,,,
,February,2/24/2026,NCAAB,🏆 MISSOURI +5,2,SPREAD,1.83,win,1.66,DOG,Tuesday,936,157.15,,,,,,,
,February,2/25/2026,SOCCER,Real Madrid - Benfica BTTS -150,2,BTTS,1.67,win,1.34,ND,Wednesday,937,158.49,,,,,,,
,February,2/25/2026,NBA,BUCKS +5 -150,2,SPREAD,1.67,win,1.34,DOG,Wednesday,938,159.83,,,,,,,
,February,2/26/2026,NBA,Rockets ML -145,2,MONEYLINE,1.70,win,1.40,FAV,Thursday,939,161.23,,,,,,,
,February,2/27/2026,SOCCER,Augsburg vs Koln both to score -160 ❌,2,BTTS,1.67,lose,-2.00,ND,Friday,940,159.23,,,,,,,
,February,2/27/2026,NBA,GRIZZLIES +6 ✅✅✅,2,SPREAD,1.67,win,1.34,DOG,Friday,941,160.57,,,,,,,
,February,2/28/2026,NCAAB,Louisville ML -145,2,MONEYLINE,1.70,lose,-2.00,FAV,Saturday,942,158.57,,,,,,,
,February,2/28/2026,NBA,LAKERS ML,5,MONEYLINE,1.63,win,3.15,FAV,Saturday,943,161.72,,,,,,,
,March,3/1/2026,NBA,BULLS +4 [-135],2,SPREAD,1.75,win,1.50,DOG,Sunday,944,163.22,,,,,,,
,March,3/2/2026,NCAAB,Norfolk State -1.5 (-165),2,SPREAD,1.63,lose,-2.00,FAV,Monday,945,161.22,,,,,,,
,March,3/2/2026,NBA,🏆 WARRIORS +3,2,SPREAD,1.70,lose,-2.00,DOG,Monday,946,159.22,,,,,,,
,March,3/3/2026,NCAAB,ALABAMA A&M ML -145,2,MONEYLINE,1.70,win,1.40,FAV,Tuesday,947,160.62,,,,,,,
,March,3/4/2026,SOCCER,Aston Villa vs Chelsea  BTTS - YES,2,BTTS,1.60,win,1.20,ND,Wednesday,948,161.82,,,,,,,
,March,3/4/2026,NCAAB,SAINT JOSEPHS +4 -150,2,SPREAD,1.67,win,1.34,DOG,Wednesday,949,163.16,,,,,,,
,March,3/5/2026,NBA,LAKERS +5.5 -145,2,SPREAD,1.70,lose,-2.00,DOG,Thursday,950,161.16,,,,,,,
,March,3/6/2026,NBA,Clippers +8 -135,2,SPREAD,1.75,win,1.50,DOG,Friday,951,162.66,,,,,,,
,March,3/7/2026,NCAAB,Alabama -4.5,2,SPREAD,1.60,win,1.20,FAV,Saturday,952,163.86,,,,,,,
,March,3/8/2026,NBA,Mavericks +10.5 -135,2,SPREAD,1.75,lose,-2.00,DOG,Sunday,953,161.86,,,,,,,
,March,3/8/2026,NBA,Bulls ML 3U,3,MONEYLINE,1.61,lose,-3.00,FAV,Sunday,954,158.86,,,,,,,
,March,3/9/2026,NBA,Nuggets +6 -135,2,SPREAD,1.75,win,1.50,DOG,Monday,955,160.36,,,,,,,
,March,3/10/2026,SOCCER,Atletico Madrid 3-way ML -140,2,3-way ML,1.73,win,1.46,FAV,Tuesday,956,161.82,,,,,,,
,March,3/10/2026,NBA,Spurs ML -150,2,MONEYLINE,1.67,win,1.34,FAV,Tuesday,957,163.16,,,,,,,
,March,3/11/2026,SOCCER,Man City 3-way ML +100,2,3-way ML,2.00,lose,-2.00,FAV,Wednesday,958,161.16,,,,,,,
,March,3/11/2026,NBA,Pelicans +4 -145,2,SPREAD,1.70,win,1.40,DOG,Wednesday,959,162.56,,,,,,,
,March,3/12/2026,NBA,NUGGETS +6.5 -160,2,SPREAD,1.63,win,1.25,DOG,Thursday,960,163.81,,,,,,,
,March,3/13/2026,NBA,Pelicans +7 -135,2,SPREAD,1.75,win,1.50,DOG,Friday,961,165.31,,,,,,,
,March,3/14/2026,NBA,HORNETS +7.5 [-135],2,SPREAD,1.75,lose,-2.00,DOG,Saturday,962,163.31,,,,,,,
,March,3/15/2026,NBA,KNICKS -12.5 [-145],2,SPREAD,1.70,lose,-2.00,FAV,Sunday,963,161.31,,,,,,,
,March,3/16/2026,NBA,Hawks ML -145,2,MONEYLINE,1.70,win,1.40,FAV,Monday,964,162.71,,,,,,,
,March,3/17/2026,NBA,TWOLVES ML [-160],2,MONEYLINE,1.63,win,1.25,FAV,Tuesday,965,163.96,,,,,,,
,March,3/18/2026,NBA,Mavericks +9 -15 ,2,SPREAD,1.60,lose,-2.00,DOG,Wednesday,966,161.96,,,,,,,
,March,3/19/2026,NBA,Heat ML -160,2,MONEYLINE,1.63,lose,-2.00,FAV,Thursday,967,159.96,,,,,,,
,March,3/19/2026,NHL,KIngs ML,4,MONEYLINE,1.57,lose,-4.00,FAV,Thursday,968,155.96,,,,,,,
,March,3/20/2026,NBA,GS Warriors +7 -135,2,SPREAD,1.75,lose,-2.00,DOG,Friday,969,153.96,,,,,,,
,March,3/21/2026,SOCCER,Chelsea vs Everton BTTS -150,2,BTTS,1.67,lose,-2.00,ND,Saturday,970,151.96,,,,,,,
,March,3/21/2026,NBA,MAGIC +5 | 3U [-135],3,SPREAD,1.75,win,2.25,DOG,Saturday,971,154.21,,,,,,,
,March,3/22/2026,NBA,UCLA +6 (3U) -130,3,SPREAD,1.77,lose,-3.00,DOG,Sunday,972,151.21,,,,,,,
,March,3/23/2026,NBA,Mavs +3.5 -135,2,SPREAD,1.75,lose,-2.00,DOG,Monday,973,149.21,,,,,,,
,March,3/24/2026,NBA,SUNS +7,2,SPREAD,1.75,win,1.50,DOG,Tuesday,974,150.71,,,,,,,
,March,3/25/2026,NBA,RAPTORS +5,2,SPREAD,1.75,lose,-2.00,DOG,Wednesday,975,148.71,,,,,,,
,March,3/26/2026,MLB,Rays ML (-138),2,MONEYLINE,1.74,lose,-2.00,FAV,Thursday,976,146.71,,,,,,,
,March,3/27/2026,MLB,Astros ML,3,MONEYLINE,1.59,lose,-3.00,FAV,Friday,977,143.71,,,,,,,
,March,3/27/2026,MLB,Padres ML,2,MONEYLINE,1.77,lose,-2.00,FAV,Friday,978,141.71,,,,,,,
,March,3/28/2026,MLB,🏆 CUBS F5 -0.5 | 4.3U to win 3U,2,F5 -0.5,1.70,win,1.40,FAV,Saturday,979,143.11,,,,,,,
,March,3/28/2026,MLB,🏆 REDS +1.5 | 2U ,2,SPREAD,1.67,win,1.34,DOG,Saturday,980,144.45,,,,,,,
,March,3/29/2026,MLB,ORIOLES ML | 3U [-159],3,MONEYLINE,1.63,win,1.89,FAV,Sunday,981,146.34,,,,,,,
,March,3/29/2026,NBA,HORNETS ML | 2U [-125],2,MONEYLINE,1.80,lose,-2.00,FAV,Sunday,982,144.34,,,,,,,
,March,3/29/2026,NBA,🏆 Warriors vs Nuggets Over 235.5 3U,3,TOTAL,1.75,lose,-3.00,OVER,Sunday,983,141.34,,,,,,,
,March,3/30/2026,MLB,Mets ML -150 5U,5,MONEYLINE,1.67,win,3.35,FAV,Monday,984,144.69,,,,,,,
,March,3/30/2026,MLB,DBACKS ML,2,MONEYLINE,1.79,win,1.58,FAV,Monday,985,146.27,,,,,,,
,March,3/31/2026,MLB,ATHLETICS +1.5 | 3U,3,SPREAD,1.63,win,1.88,DOG,Tuesday,986,148.15,,,,,,,
,March,3/31/2026,MLB,Angels ML +115 | 2U,2,MONEYLINE,2.15,win,2.30,DOG,Tuesday,987,150.45,,,,,,,
,March,3/31/2026,NBA,BLAZERS +6.5,2,SPREAD,1.75,win,1.50,DOG,Tuesday,988,151.95,,,,,,,
,April,4/1/2026,MLB,PADRES ML 2U -159,2,MONEYLINE,1.63,win,1.26,FAV,Wednesday,989,153.21,,,,,,,
,April,4/2/2026,MLB,SF Giants +1.5 -165,2,SPREAD,1.63,win,1.25,DOG,Thursday,990,154.46,,,,,,,
,April,4/3/2026,MLB,Phillies v Rockies over 9.5 -135 2U,2,TOTAL,1.75,win,1.50,OVER,Friday,991,155.96,,,,,,,
,April,4/4/2026,MLB,RAYS ML | 2U [-117],2,MONEYLINE,1.85,win,1.70,FAV,Saturday,992,157.66,,,,,,,
,April,4/5/2026,MLB,Blue Jays ML 2U -170,2,MONEYLINE,1.59,lose,-2.00,FAV,Sunday,993,155.66,,,,,,,
,April,4/5/2026,MLB,🏆 YANKEES -1.5 | 2U,2,SPREAD,1.63,lose,-2.00,FAV,Sunday,994,153.66,,,,,,,
,April,4/6/2026,MLB,Pirates ML 2U -139,2,MONEYLINE,1.73,lose,-2.00,FAV,Monday,995,151.66,,,,,,,
,April,4/6/2026,MLB,BRAVES -1 | 4U | -145,4,SPREAD,1.70,lose,-4.00,FAV,Monday,996,147.66,,,,,,,
,April,4/7/2026,MLB,Marlins ML 3U -139,3,MONEYLINE,1.73,lose,-3.00,FAV,Tuesday,997,144.66,,,,,,,
,April,4/8/2026,MLB,PADRES ML | 3U -125,3,MONEYLINE,1.80,win,2.40,FAV,Wednesday,998,147.06,,,,,,,
,April,4/8/2026,NBA,🏆 BLAZERS +5 | 3U,3,MONEYLINE,1.70,lose,-3.00,FAV,Wednesday,999,144.06,,,,,,,
,April,4/9/2026,MLB,Tigers ML -140 3U,3,MONEYLINE,1.74,lose,-3.00,FAV,Thursday,1000,141.06,,,,,,,
,April,4/10/2026,MLB,ROYALS ML | 3U,3,MONEYLINE,1.55,win,1.65,FAV,Friday,1001,142.71,,,,,,,
,April,4/11/2026,MLB,🏆 METS ML | 3U,3,MONEYLINE,1.61,lose,-3.00,FAV,Saturday,1002,139.71,,,,,,,
,April,4/12/2026,MLB,CARDINALS ML (+100) | 3U,3,MONEYLINE,2.00,lose,-3.00,DOG,Sunday,1003,136.71,,,,,,,
,April,4/12/2026,MLB,RANGERS F5 +0.5 | 3U -165,3,SPREAD,1.62,win,1.85,DOG,Sunday,1004,138.55,,,,,,,
,April,4/13/2026,MLB,Dbacks ML +105 3U,3,MONEYLINE,2.05,lose,-3.00,DOG,Monday,1005,135.55,,,,,,,
,April,4/14/2026,MLB,GIANTS ML | 3U [-106],3,MONEYLINE,1.95,lose,-3.00,DOG,Tuesday,1006,132.55,,,,,,,
,April,4/15/2026,MLB,RED SOX ML | 3U [-124],3,MONEYLINE,1.83,win,2.49,FAV,Wednesday,1007,135.04,,,,,,,
,April,4/15/2026,MLB,MARINERS ML | 3U,3,MONEYLINE,1.91,lose,-3.00,ND,Wednesday,1008,132.04,,,,,,,
,April,4/16/2026,MLB,🏆 RANGERS ML | 3U,3,MONEYLINE,1.91,win,2.73,ND,Thursday,1009,134.77,,,,,,,
,April,4/17/2026,MLB,YANKEES ML | 5U [-178],5,MONEYLINE,1.55,win,2.75,FAV,Friday,1010,137.52,,,,,,,
,April,4/18/2026,MLB,Nationals ML 3U -108,3,MONEYLINE,1.93,lose,-3.00,ND,Saturday,1011,134.52,,,,,,,
,April,4/19/2026,MLB,METS ML | 3U  [+117],3,MONEYLINE,2.17,lose,-3.00,DOG,Sunday,1012,131.52,,,,,,,
,April,4/19/2026,MLB,ATHLETICS ML | 2U [-158],2,MONEYLINE,1.67,lose,-2.00,FAV,Sunday,1013,129.52,,,,,,,
,April,4/20/2026,MLB,🏆 ATHLETICS +1.5 | 3U,3,SPREAD,1.67,win,2.01,DOG,Monday,1014,131.53,,,,,,,
,April,4/21/2026,MLB,ROYALS ML | 3U,3,MONEYLINE,1.77,win,2.30,FAV,Tuesday,1015,133.83,,,,,,,
,April,4/22/2026,MLB,WHITE SOX +1.5 | 3U [-160],3,SPREAD,1.63,lose,-3.00,DOG,Wednesday,1016,130.83,,,,,,,
,April,4/23/2026,MLB,PHILLIES ML | 3U,3,MONEYLINE,1.87,lose,-3.00,FAV,Thursday,1017,127.83,,,,,,,
,April,4/24/2026,MLB,PHILLIES OV,3,TOTAL,1.70,lose,-3.00,OVER,Friday,1018,124.83,,,,,,,
,April,4/24/2026,MLB,🏆 YANKEES ML | 3U,3,MONEYLINE,1.67,win,2.01,FAV,Friday,1019,126.84,,,,,,,
,April,4/25/2026,MLB,🏆 WHITE SOX ML | 3U,3,MONEYLINE,1.71,lose,-3.00,FAV,Saturday,1020,123.84,,,,,,,